-- phpMyAdmin SQL Dump
-- version 5.2.1
-- https://www.phpmyadmin.net/
--
-- Hôte : 127.0.0.1
-- Généré le : mar. 20 mai 2025 à 20:56
-- Version du serveur : 10.4.28-MariaDB
-- Version de PHP : 8.2.4

SET SQL_MODE = "NO_AUTO_VALUE_ON_ZERO";
START TRANSACTION;
SET time_zone = "+00:00";


/*!40101 SET @OLD_CHARACTER_SET_CLIENT=@@CHARACTER_SET_CLIENT */;
/*!40101 SET @OLD_CHARACTER_SET_RESULTS=@@CHARACTER_SET_RESULTS */;
/*!40101 SET @OLD_COLLATION_CONNECTION=@@COLLATION_CONNECTION */;
/*!40101 SET NAMES utf8mb4 */;

--
-- Base de données : `gestion_voeux`
--

-- --------------------------------------------------------

--
-- Structure de la table `enseignants`
--

CREATE TABLE `enseignants` (
  `utilisateur_id` int(11) NOT NULL,
  `grade` enum('MAB','MAA','MCB','MCA','PROF') NOT NULL,
  `departement` varchar(200) DEFAULT NULL,
  `faculte` enum('Mathématique','Informatique','Génie Civil','Physique','Électronique') NOT NULL,
  `statut` enum('actif','inactif') DEFAULT 'actif'
) ENGINE=InnoDB DEFAULT CHARSET=utf8mb4 COLLATE=utf8mb4_general_ci;

--
-- Déchargement des données de la table `enseignants`
--

INSERT INTO `enseignants` (`utilisateur_id`, `grade`, `departement`, `faculte`, `statut`) VALUES
(14, 'MAA', 'AI', 'Informatique', 'actif'),
(17, 'MAA', 'AI', 'Informatique', 'actif'),
(18, 'MAA', '', 'Génie Civil', 'actif'),
(19, 'MCB', 'AI', 'Informatique', 'actif'),
(20, 'MCB', '', 'Mathématique', 'actif'),
(21, 'MAB', 'SIQ', 'Informatique', 'actif'),
(22, 'MAA', 'AI', 'Informatique', 'actif'),
(23, 'MAB', '', 'Physique', 'actif'),
(24, 'MAA', '', 'Électronique', 'actif'),
(26, 'MAA', 'SIQ', 'Informatique', 'actif'),
(27, 'MCA', 'PHY-T', 'Physique', 'actif'),
(28, 'MCA', 'ALG', 'Mathématique', 'actif'),
(29, 'MAB', 'GGC', 'Génie Civil', 'actif'),
(30, 'MAB', 'TEL', 'Électronique', 'actif'),
(31, 'MAB', 'AI', 'Informatique', 'actif'),
(32, 'MAB', 'SIQ', 'Informatique', 'actif'),
(33, 'MCB', 'SYS', 'Électronique', 'actif');

-- --------------------------------------------------------

--
-- Structure de la table `messages`
--

CREATE TABLE `messages` (
  `id` int(11) NOT NULL,
  `sender_id` int(11) NOT NULL,
  `receiver_id` int(11) NOT NULL,
  `content` text NOT NULL,
  `created_at` datetime DEFAULT current_timestamp()
) ENGINE=InnoDB DEFAULT CHARSET=utf8mb4 COLLATE=utf8mb4_general_ci;

--
-- Déchargement des données de la table `messages`
--

INSERT INTO `messages` (`id`, `sender_id`, `receiver_id`, `content`, `created_at`) VALUES
(1, 16, 31, 'Bonjour, j’aimerais discuter de mes préférences d’enseignement.', '2025-05-20 00:04:13'),
(2, 31, 16, 'Bonjour, bien sûr. Discutons-en.', '2025-05-20 00:04:13'),
(3, 16, 31, 'qsdqsdqd', '2025-05-19 23:50:58'),
(4, 16, 31, 'qdqdq', '2025-05-19 23:51:11'),
(5, 16, 31, 'zerzerz', '2025-05-19 23:55:06'),
(6, 16, 31, 'qsdqdqd', '2025-05-19 23:55:30'),
(7, 16, 31, 'Amine', '2025-05-19 23:55:37'),
(8, 16, 24, 'AAAA', '2025-05-20 00:33:57'),
(9, 16, 20, 'zerzerz', '2025-05-20 00:34:09'),
(10, 31, 16, 'AAAAAAAAAAAAAAAAAAAAAAA', '2025-05-20 02:52:39'),
(11, 31, 16, 'AAAAAAAAAAAAA', '2025-05-20 03:11:38'),
(12, 31, 16, 'FFFFFFFFFFFFF', '2025-05-20 03:17:54'),
(13, 16, 31, 'BBBBBBBBB', '2025-05-20 13:54:47'),
(14, 16, 31, 'Karim', '2025-05-20 14:12:13'),
(15, 16, 31, 'AAAAAAAAA', '2025-05-20 14:13:50'),
(16, 16, 23, 'Bonjour', '2025-05-20 14:20:07'),
(17, 31, 16, 'dddd', '2025-05-20 16:04:02'),
(18, 31, 16, 'AAAAA', '2025-05-20 16:05:35'),
(19, 16, 23, 'AAA', '2025-05-20 16:43:23'),
(20, 32, 16, 'Hi', '2025-05-20 16:51:13');

-- --------------------------------------------------------

--
-- Structure de la table `modules`
--

CREATE TABLE `modules` (
  `id` int(11) NOT NULL,
  `niveau` enum('L1','L2','L3','M1','M2') NOT NULL,
  `specialite` enum('TRONC_COMMUN','ACAD','ISIL','GTR','BIOINFO','SII','IV','BIGDATA','HPC','IL','SSI','RSD') NOT NULL,
  `semestre` enum('S1','S2') NOT NULL,
  `nom_module` varchar(100) NOT NULL,
  `faculte` varchar(200) DEFAULT NULL,
  `heures_cours` int(11) DEFAULT 3,
  `heures_td` int(11) DEFAULT 2,
  `heures_tp` decimal(3,1) DEFAULT 1.5
) ENGINE=InnoDB DEFAULT CHARSET=utf8mb4 COLLATE=utf8mb4_general_ci;

--
-- Déchargement des données de la table `modules`
--

INSERT INTO `modules` (`id`, `niveau`, `specialite`, `semestre`, `nom_module`, `faculte`, `heures_cours`, `heures_td`, `heures_tp`) VALUES
(1, 'L1', 'TRONC_COMMUN', 'S1', 'Algorithme et structure de données', 'SD', 3, 2, 1.5),
(2, 'L1', 'TRONC_COMMUN', 'S1', 'Algèbre', 'ALG', 3, 2, 1.5),
(3, 'L1', 'TRONC_COMMUN', 'S1', 'Analyse', 'ANP', 3, 2, 1.5),
(4, 'L1', 'TRONC_COMMUN', 'S1', 'Physique', 'AI', 3, 2, 1.5),
(5, 'L1', 'TRONC_COMMUN', 'S1', 'Mécanique du point', 'SD', 3, 2, 1.5),
(6, 'L1', 'TRONC_COMMUN', 'S2', 'Algorithme 2', 'GST', 3, 2, 1.5),
(7, 'L1', 'TRONC_COMMUN', 'S2', 'Algèbre 2', 'ALG', 3, 2, 1.5),
(8, 'L1', 'TRONC_COMMUN', 'S2', 'Analyse 2', 'ANP', 3, 2, 1.5),
(9, 'L1', 'TRONC_COMMUN', 'S2', 'Physique 2', 'PHY-T', 3, 2, 1.5),
(10, 'L1', 'TRONC_COMMUN', 'S2', 'Probabilité et Statistique', 'SID', 3, 2, 1.5),
(11, 'L1', 'TRONC_COMMUN', 'S2', 'Structure Machine 2', 'GST', 3, 2, 1.5),
(12, 'L2', 'ACAD', 'S1', 'Algorithme et structure de données', 'SD', 3, 2, 1.5),
(13, 'L2', 'ACAD', 'S1', 'Architecture d\'ordinateur', 'TEL', 3, 2, 1.5),
(14, 'L2', 'ACAD', 'S1', 'Logique mathématique', 'AUT', 3, 2, 1.5),
(15, 'L2', 'ACAD', 'S1', 'Programmation orientée objet', 'ALG', 3, 2, 1.5),
(16, 'L2', 'ACAD', 'S1', 'Système d\'information', 'SIQ', 3, 2, 1.5),
(17, 'L2', 'ACAD', 'S1', 'Analyse numérique', 'ANP', 3, 2, 1.5),
(18, 'L2', 'ACAD', 'S1', 'Probabilité et statistique', 'SID', 3, 2, 1.5),
(19, 'L2', 'ACAD', 'S2', 'Base de données', 'SD', 3, 2, 1.5),
(20, 'L2', 'ACAD', 'S2', 'Génie logiciel', 'SD', 3, 2, 1.5),
(21, 'L2', 'ACAD', 'S2', 'Système d\'exploitation', 'SIQ', 3, 2, 1.5),
(22, 'L2', 'ACAD', 'S2', 'Réseaux informatique', 'GGC', 3, 2, 1.5),
(23, 'L2', 'ACAD', 'S2', 'Théorie des graphes', 'GRT', 3, 2, 1.5),
(24, 'L2', 'ACAD', 'S2', 'Théorie des langages', 'PHY-T', 3, 2, 1.5),
(25, 'L2', 'ISIL', 'S1', 'Algorithme et structure de données', 'SD', 3, 2, 1.5),
(26, 'L2', 'ISIL', 'S1', 'Architecture d\'ordinateur', 'PHY-E', 3, 2, 1.5),
(27, 'L2', 'ISIL', 'S1', 'Logique mathématique', 'SYS', 3, 2, 1.5),
(28, 'L2', 'ISIL', 'S1', 'Programmation orientée objet', 'TEL', 3, 2, 1.5),
(29, 'L2', 'ISIL', 'S1', 'Système d\'information', 'SIQ', 3, 2, 1.5),
(30, 'L2', 'ISIL', 'S1', 'Analyse numérique', 'ANP', 3, 2, 1.5),
(31, 'L2', 'ISIL', 'S1', 'Probabilité et statistique', 'SID', 3, 2, 1.5),
(32, 'L2', 'ISIL', 'S2', 'Base de données', 'SD', 3, 2, 1.5),
(33, 'L2', 'ISIL', 'S2', 'Génie logiciel', 'SIQ', 3, 2, 1.5),
(34, 'L2', 'ISIL', 'S2', 'Système d\'exploitation', 'SIQ', 3, 2, 1.5),
(35, 'L2', 'ISIL', 'S2', 'Réseaux informatique', 'SD', 3, 2, 1.5),
(36, 'L2', 'ISIL', 'S2', 'Théorie des graphes', 'GST', 3, 2, 1.5),
(37, 'L2', 'ISIL', 'S2', 'Théorie des langages', 'GGC', 3, 2, 1.5),
(38, 'L2', 'GTR', 'S1', 'Algorithme et structure de données', 'SD', 3, 2, 1.5),
(39, 'L2', 'GTR', 'S1', 'Réseaux', 'PHY-T', 3, 2, 1.5),
(40, 'L2', 'GTR', 'S1', 'Utilisation et administration des systèmes d\'exploitation', 'SIQ', 3, 2, 1.5),
(41, 'L2', 'GTR', 'S1', 'Électronique analogique', 'PHY-E', 3, 2, 1.5),
(42, 'L2', 'GTR', 'S1', 'Électronique numérique', 'PHY-E', 3, 2, 1.5),
(43, 'L2', 'GTR', 'S2', 'Normes et interconnexions réseaux', 'TEL', 3, 2, 1.5),
(44, 'L2', 'GTR', 'S2', 'Administration et exploitation des serveurs', 'AUT', 3, 2, 1.5),
(45, 'L2', 'GTR', 'S2', 'Initiation Web', 'AI', 3, 2, 1.5),
(46, 'L2', 'GTR', 'S2', 'Protocoles TCP/IP', 'ANP', 3, 2, 1.5),
(47, 'L2', 'GTR', 'S2', 'Propagation et Antennes', 'MTA', 3, 2, 1.5),
(48, 'L2', 'GTR', 'S2', 'Architecture des systèmes et microprocesseurs', 'SIQ', 3, 2, 1.5),
(49, 'L2', 'GTR', 'S2', 'Traitement du Signal', 'AI', 3, 2, 1.5),
(50, 'L3', 'ACAD', 'S1', 'Réseaux', 'SD', 3, 2, 1.5),
(51, 'L3', 'ACAD', 'S1', 'Système d\'exploitation 2', 'SIQ', 3, 2, 1.5),
(52, 'L3', 'ACAD', 'S1', 'Compilation', 'GGC', 3, 2, 1.5),
(53, 'L3', 'ACAD', 'S1', 'Génie Logiciel et POO', 'GRT', 3, 2, 1.5),
(54, 'L3', 'ACAD', 'S1', 'Théorie des Graphes', 'PHY-T', 3, 2, 1.5),
(55, 'L3', 'ACAD', 'S1', 'Anglais', 'PHY-M', 3, 2, 1.5),
(56, 'L3', 'ACAD', 'S2', 'Option 2', 'PHY-E', 3, 2, 1.5),
(57, 'L3', 'ACAD', 'S2', 'Option 3', 'SYS', 3, 2, 1.5),
(58, 'L3', 'ACAD', 'S2', 'Projet de Fin d\'Études', 'TEL', 3, 2, 1.5),
(59, 'L3', 'ISIL', 'S1', 'Base de Données 2', 'SD', 3, 2, 1.5),
(60, 'L3', 'ISIL', 'S1', 'Génie Logiciel 2 (GL2)', 'ALG', 3, 2, 1.5),
(61, 'L3', 'ISIL', 'S1', 'Systèmes d\'Information 2 (SI2)', 'SIQ', 3, 2, 1.5),
(62, 'L3', 'ISIL', 'S1', 'Compilation', 'MTA', 3, 2, 1.5),
(63, 'L3', 'ISIL', 'S1', 'Réseaux 1', 'SIQ', 3, 2, 1.5),
(64, 'L3', 'ISIL', 'S1', 'Système d\'exploitation 2 (SYS2)', 'SIQ', 3, 2, 1.5),
(65, 'L3', 'ISIL', 'S1', 'Anglais', 'SD', 3, 2, 1.5),
(66, 'L3', 'ISIL', 'S2', 'Génie Logiciel 3', 'GST', 3, 2, 1.5),
(67, 'L3', 'ISIL', 'S2', 'Réseaux 2', 'GGC', 3, 2, 1.5),
(68, 'L3', 'ISIL', 'S2', 'Projet de Fin d\'Études (PFE)', 'GRT', 3, 2, 1.5),
(69, 'L3', 'ISIL', 'S2', 'Outils RAD (ORAD)', 'PHY-T', 3, 2, 1.5),
(70, 'L3', 'GTR', 'S1', 'Théorie d\'information', 'PHY-M', 3, 2, 1.5),
(71, 'L3', 'GTR', 'S1', 'Systèmes de communication analogiques', 'SIQ', 3, 2, 1.5),
(72, 'L3', 'GTR', 'S1', 'Systèmes de télécommunication et interopérabilité', 'SIQ', 3, 2, 1.5),
(73, 'L3', 'GTR', 'S1', 'Téléphonie, Téléphonie mobile et IP', 'TEL', 3, 2, 1.5),
(74, 'L3', 'GTR', 'S1', 'Administration réseaux', 'AUT', 3, 2, 1.5),
(75, 'L3', 'GTR', 'S1', 'Programmation Web', 'ALG', 3, 2, 1.5),
(76, 'L3', 'GTR', 'S1', 'Réseaux et communications sans fil', 'ANP', 3, 2, 1.5),
(77, 'L3', 'GTR', 'S2', 'Bases de données', 'SD', 3, 2, 1.5),
(78, 'L3', 'GTR', 'S2', 'Qualité de service des systèmes informatiques', 'SIQ', 3, 2, 1.5),
(79, 'L3', 'GTR', 'S2', 'Sécurité des réseaux', 'AI', 3, 2, 1.5),
(80, 'L3', 'GTR', 'S2', 'Projet personnel', 'SD', 3, 2, 1.5),
(81, 'M1', 'BIOINFO', 'S1', 'Anglais', 'GST', 3, 2, 1.5),
(82, 'M1', 'BIOINFO', 'S1', 'Entrepreneuriat', 'AI', 3, 2, 1.5),
(83, 'M1', 'BIOINFO', 'S1', 'Gestion des entreprises', 'GRT', 3, 2, 1.5),
(84, 'M1', 'BIOINFO', 'S1', 'Algorithmique et complexité avancée', 'PHY-T', 3, 2, 1.5),
(85, 'M1', 'BIOINFO', 'S1', 'Bioinformatique et génomique', 'PHY-M', 3, 2, 1.5),
(86, 'M1', 'BIOINFO', 'S1', 'Biomathématique', 'PHY-E', 3, 2, 1.5),
(87, 'M1', 'BIOINFO', 'S1', 'Biostatistique', 'SID', 3, 2, 1.5),
(88, 'M1', 'BIOINFO', 'S1', 'Gestion de projet', 'TEL', 3, 2, 1.5),
(89, 'M1', 'BIOINFO', 'S1', 'Système et programmation de scripts', 'SIQ', 3, 2, 1.5),
(90, 'M1', 'BIOINFO', 'S2', 'Anglais', 'ALG', 3, 2, 1.5),
(91, 'M1', 'BIOINFO', 'S2', 'Techniques de rédaction et recherche', 'ANP', 3, 2, 1.5),
(92, 'M1', 'BIOINFO', 'S2', 'Base de données avancées et entreposage', 'SD', 3, 2, 1.5),
(93, 'M1', 'BIOINFO', 'S2', 'Intégration de données massives', 'SD', 3, 2, 1.5),
(94, 'M1', 'BIOINFO', 'S2', 'BioAlgorithmique', 'AI', 3, 2, 1.5),
(95, 'M1', 'BIOINFO', 'S2', 'Fouille de données 1', 'SD', 3, 2, 1.5),
(96, 'M1', 'BIOINFO', 'S2', 'Éléments combinatoires d\'optimisation', 'GST', 3, 2, 1.5),
(97, 'M1', 'BIOINFO', 'S2', 'Traitement et analyse d\'images', 'ANP', 3, 2, 1.5),
(98, 'M1', 'SII', 'S1', 'Compilation : génération de code et optimisation', 'GRT', 3, 2, 1.5),
(99, 'M1', 'SII', 'S1', 'Systèmes d\'exploitation', 'SIQ', 3, 2, 1.5),
(100, 'M1', 'SII', 'S1', 'Architecture et administration des bases de données', 'SD', 3, 2, 1.5),
(101, 'M1', 'SII', 'S1', 'Modélisation et évaluation des performances', 'PHY-E', 3, 2, 1.5),
(102, 'M1', 'SII', 'S1', 'Anglais', 'SYS', 3, 2, 1.5),
(103, 'M1', 'SII', 'S2', 'Sécurité Informatique', 'TEL', 3, 2, 1.5),
(104, 'M1', 'SII', 'S2', 'Méta-heuristiques évolutionnaires et algorithmes d\'apprentissage', 'AUT', 3, 2, 1.5),
(105, 'M1', 'SII', 'S2', 'Réseaux de neurones', 'ALG', 3, 2, 1.5),
(106, 'M1', 'SII', 'S2', 'Commerce électronique et services Web', 'PHY-E', 3, 2, 1.5),
(107, 'M1', 'SII', 'S2', 'Technologie des agents', 'MTA', 3, 2, 1.5),
(108, 'M1', 'SII', 'S2', 'Représentation de connaissances et raisonnement 1', 'SIQ', 3, 2, 1.5),
(109, 'M1', 'SII', 'S2', 'Anglais', 'AI', 3, 2, 1.5),
(110, 'M1', 'IV', 'S1', 'Anglais', 'SD', 3, 2, 1.5),
(111, 'M1', 'IV', 'S1', 'Algorithmes avancés et complexité', 'GST', 3, 2, 1.5),
(112, 'M1', 'IV', 'S1', 'Résolution de problèmes', 'GGC', 3, 2, 1.5),
(113, 'M1', 'IV', 'S1', 'Architecture des bases de données', 'SD', 3, 2, 1.5),
(114, 'M1', 'IV', 'S1', 'Systèmes d\'exploitation', 'SIQ', 3, 2, 1.5),
(115, 'M1', 'IV', 'S1', 'Communication multimédia', 'AI', 3, 2, 1.5),
(116, 'M1', 'IV', 'S1', 'Traitement et analyse d\'images', 'ANP', 3, 2, 1.5),
(117, 'M1', 'IV', 'S2', 'Anglais', 'SYS', 3, 2, 1.5),
(118, 'M1', 'IV', 'S2', 'Analyse de données', 'ANP', 3, 2, 1.5),
(119, 'M1', 'IV', 'S2', 'Fouille de données', 'SD', 3, 2, 1.5),
(120, 'M1', 'IV', 'S2', 'Compilation : génération et optimisation de code', 'ALG', 3, 2, 1.5),
(121, 'M1', 'IV', 'S2', 'Réseaux', 'ANP', 3, 2, 1.5),
(122, 'M1', 'IV', 'S2', 'Vision artificielle', 'MTA', 3, 2, 1.5),
(123, 'M1', 'IV', 'S2', 'Conception de jeux et réalité virtuelle', 'SIQ', 3, 2, 1.5),
(124, 'M1', 'IV', 'S2', 'Apprentissage et réseaux de neurones', 'AI', 3, 2, 1.5),
(125, 'M1', 'BIGDATA', 'S1', 'Anglais', 'SD', 3, 2, 1.5),
(126, 'M1', 'BIGDATA', 'S1', 'BADO : Bases de données / Optimisation', 'SD', 3, 2, 1.5),
(127, 'M1', 'BIGDATA', 'S1', 'POO : Programmation orientée objet', 'GGC', 3, 2, 1.5),
(128, 'M1', 'BIGDATA', 'S1', 'PRAVAN : Programmation avancée', 'GRT', 3, 2, 1.5),
(129, 'M1', 'BIGDATA', 'S1', 'GP : Gestion de projet', 'PHY-T', 3, 2, 1.5),
(130, 'M1', 'BIGDATA', 'S1', 'Graphes et Big Data', 'PHY-M', 3, 2, 1.5),
(131, 'M1', 'BIGDATA', 'S1', 'THOR : Théorie de l\'ordonnancement', 'PHY-E', 3, 2, 1.5),
(132, 'M1', 'BIGDATA', 'S1', 'SSAD : Stratégie de sécurité pour l\'aide à la décision', 'SYS', 3, 2, 1.5),
(133, 'M1', 'BIGDATA', 'S1', 'VT : Veille technologique', 'TEL', 3, 2, 1.5),
(134, 'M1', 'BIGDATA', 'S2', 'Anglais', 'AUT', 3, 2, 1.5),
(135, 'M1', 'BIGDATA', 'S2', 'ARBD : Architecture des bases de données', 'SD', 3, 2, 1.5),
(136, 'M1', 'BIGDATA', 'S2', 'ENDO : Entrepôts de données', 'SD', 3, 2, 1.5),
(137, 'M1', 'BIGDATA', 'S2', 'ANAD : Analyse de données', 'ANP', 3, 2, 1.5),
(138, 'M1', 'BIGDATA', 'S2', 'TCA : Théorie des codes et applications', 'SIQ', 3, 2, 1.5),
(139, 'M1', 'BIGDATA', 'S2', 'ETUC : Étude de complexité', 'AI', 3, 2, 1.5),
(140, 'M1', 'BIGDATA', 'S2', 'AMP : Agilité dans le management', 'SD', 3, 2, 1.5),
(141, 'M1', 'BIGDATA', 'S2', 'SIG et EDG : Systèmes d\'information', 'SIQ', 3, 2, 1.5),
(142, 'M1', 'HPC', 'S1', 'Algorithmique et complexité avancée', 'GGC', 3, 2, 1.5),
(143, 'M1', 'HPC', 'S1', 'Architectures avancées', 'GRT', 3, 2, 1.5),
(144, 'M1', 'HPC', 'S1', 'Systèmes d\'exploitation', 'SIQ', 3, 2, 1.5),
(145, 'M1', 'HPC', 'S1', 'Bases de données avancées', 'SD', 3, 2, 1.5),
(146, 'M1', 'HPC', 'S1', 'Mathématiques appliquées (Analyse)', 'ANP', 3, 2, 1.5),
(147, 'M1', 'HPC', 'S1', 'Anglais', 'SYS', 3, 2, 1.5),
(148, 'M1', 'HPC', 'S2', 'Techniques de modélisation', 'TEL', 3, 2, 1.5),
(149, 'M1', 'HPC', 'S2', 'Algorithmique répartie', 'AUT', 3, 2, 1.5),
(150, 'M1', 'HPC', 'S2', 'Architectures parallèles', 'ALG', 3, 2, 1.5),
(151, 'M1', 'HPC', 'S2', 'Réseaux et protocoles', 'ANP', 3, 2, 1.5),
(152, 'M1', 'HPC', 'S2', 'Calcul parallèle', 'MTA', 3, 2, 1.5),
(153, 'M1', 'HPC', 'S2', 'Programmation avancée', 'SIQ', 3, 2, 1.5),
(154, 'M1', 'HPC', 'S2', 'Anglais', 'AI', 3, 2, 1.5),
(155, 'M1', 'IL', 'S1', 'Algorithme avancé et Complexité', 'SD', 3, 2, 1.5),
(156, 'M1', 'IL', 'S1', 'Modélisation et évaluation des performances des systèmes', 'SIQ', 3, 2, 1.5),
(157, 'M1', 'IL', 'S1', 'Génie Logiciel', 'GGC', 3, 2, 1.5),
(158, 'M1', 'IL', 'S1', 'Architecture et administration des bases de données', 'SD', 3, 2, 1.5),
(159, 'M1', 'IL', 'S1', 'Gestion de projets de logiciels', 'PHY-T', 3, 2, 1.5),
(160, 'M1', 'IL', 'S1', 'Systèmes d\'exploitation', 'SIQ', 3, 2, 1.5),
(161, 'M1', 'IL', 'S1', 'Anglais', 'PHY-E', 3, 2, 1.5),
(162, 'M1', 'IL', 'S2', 'Systèmes multimédia', 'SIQ', 3, 2, 1.5),
(163, 'M1', 'IL', 'S2', 'Bases de données avancées', 'SD', 3, 2, 1.5),
(164, 'M1', 'IL', 'S2', 'Modélisation et architectures logicielles', 'AUT', 3, 2, 1.5),
(165, 'M1', 'IL', 'S2', 'Compilation 2', 'ALG', 3, 2, 1.5),
(166, 'M1', 'IL', 'S2', 'Fondements de l\'intelligence artificielle 1', 'AI', 3, 2, 1.5),
(167, 'M1', 'IL', 'S2', 'Sécurité informatique', 'MTA', 3, 2, 1.5),
(168, 'M1', 'IL', 'S2', 'Anglais', NULL, 3, 2, 1.5),
(169, 'M1', 'SSI', 'S1', 'Anglais pour l\'informatique', NULL, 3, 2, 1.5),
(170, 'M1', 'SSI', 'S1', 'Aspects juridiques dans la sécurité informatique', NULL, 3, 2, 1.5),
(171, 'M1', 'SSI', 'S1', 'Architectures des réseaux informatiques', NULL, 3, 2, 1.5),
(172, 'M1', 'SSI', 'S1', 'Veille technologique et bases de données', 'SD', 3, 2, 1.5),
(173, 'M1', 'SSI', 'S1', 'Complexité algorithmique', NULL, 3, 2, 1.5),
(174, 'M1', 'SSI', 'S1', 'Systèmes d\'exploitation', 'SIQ', 3, 2, 1.5),
(175, 'M1', 'SSI', 'S1', 'Introduction à la sécurité informatique', NULL, 3, 2, 1.5),
(176, 'M1', 'SSI', 'S1', 'Arithmétique modulaire', NULL, 3, 2, 1.5),
(177, 'M1', 'SSI', 'S2', 'Cryptographie et sécurité', NULL, 3, 2, 1.5),
(178, 'M1', 'SSI', 'S2', 'Politiques de contrôle d\'accès', NULL, 3, 2, 1.5),
(179, 'M1', 'SSI', 'S2', 'Administration et tuning de bases de données', 'SD', 3, 2, 1.5),
(180, 'M1', 'SSI', 'S2', 'Sécurité des réseaux', NULL, 3, 2, 1.5),
(181, 'M1', 'SSI', 'S2', 'Sécurité des réseaux sans fil', NULL, 3, 2, 1.5),
(182, 'M1', 'SSI', 'S2', 'Sécurité des systèmes', 'SIQ', 3, 2, 1.5),
(183, 'M1', 'SSI', 'S2', 'Algorithmique répartie', NULL, 3, 2, 1.5),
(184, 'M1', 'SSI', 'S2', 'Sûreté de fonctionnement et fiabilité du logiciel', 'AI', 3, 2, 1.5),
(185, 'M1', 'RSD', 'S1', 'Algorithme et Complexité avancée', NULL, 3, 2, 1.5),
(186, 'M1', 'RSD', 'S1', 'Modélisation Évaluation des performances', NULL, 3, 2, 1.5),
(187, 'M1', 'RSD', 'S1', 'Architecture et administration des systèmes', 'SIQ', 3, 2, 1.5),
(188, 'M1', 'RSD', 'S1', 'Gestion de projet de développement', NULL, 3, 2, 1.5),
(189, 'M1', 'RSD', 'S1', 'Protocoles réseaux et systèmes d\'exploitation', 'SIQ', 3, 2, 1.5),
(190, 'M1', 'RSD', 'S1', 'Anglais', NULL, 3, 2, 1.5),
(191, 'M1', 'RSD', 'S2', 'Administration client-serveur', NULL, 3, 2, 1.5),
(192, 'M1', 'RSD', 'S2', 'Algorithmique et contrôle des systèmes', 'SIQ', 3, 2, 1.5),
(193, 'M1', 'RSD', 'S2', 'Systèmes multimédias', 'SIQ', 3, 2, 1.5),
(194, 'M1', 'RSD', 'S2', 'Sécurité informatique', NULL, 3, 2, 1.5),
(195, 'M1', 'RSD', 'S2', 'Techniques d\'optimisation pour les réseaux', NULL, 3, 2, 1.5),
(196, 'M1', 'RSD', 'S2', 'Vérification formelle', NULL, 3, 2, 1.5),
(197, 'M1', 'RSD', 'S2', 'Anglais', NULL, 3, 2, 1.5);

-- --------------------------------------------------------

--
-- Structure de la table `module_voeux`
--

CREATE TABLE `module_voeux` (
  `id` int(11) NOT NULL,
  `voeu_id` int(11) NOT NULL,
  `module_id` int(11) NOT NULL,
  `type_enseignement` enum('Cours','TD','TP') NOT NULL
) ENGINE=InnoDB DEFAULT CHARSET=utf8mb4 COLLATE=utf8mb4_general_ci;

--
-- Déchargement des données de la table `module_voeux`
--

INSERT INTO `module_voeux` (`id`, `voeu_id`, `module_id`, `type_enseignement`) VALUES
(61, 10, 2, 'TD'),
(60, 10, 3, 'Cours'),
(63, 10, 32, 'Cours'),
(65, 10, 34, 'Cours'),
(62, 10, 39, 'Cours'),
(64, 10, 105, 'TD'),
(72, 11, 12, 'Cours'),
(74, 11, 21, 'Cours'),
(73, 11, 145, 'Cours'),
(85, 12, 12, 'Cours'),
(88, 12, 15, 'Cours'),
(87, 12, 21, 'Cours'),
(86, 12, 145, 'Cours'),
(95, 13, 12, 'Cours'),
(97, 13, 21, 'Cours'),
(96, 13, 145, 'Cours'),
(104, 14, 12, 'Cours'),
(105, 14, 145, 'Cours'),
(110, 15, 21, 'TD'),
(106, 15, 26, 'Cours'),
(108, 15, 28, 'TP'),
(109, 15, 33, 'Cours'),
(107, 15, 60, 'TD'),
(111, 15, 67, 'TP'),
(116, 16, 20, 'TD'),
(112, 16, 29, 'Cours'),
(113, 16, 30, 'TD'),
(117, 16, 34, 'Cours'),
(114, 16, 41, 'TP'),
(115, 16, 45, 'TP'),
(120, 17, 27, 'TD'),
(119, 17, 40, 'Cours'),
(122, 17, 78, 'TD'),
(123, 17, 79, 'TD'),
(121, 17, 106, 'TD'),
(118, 17, 115, 'Cours'),
(125, 18, 3, 'TD'),
(127, 18, 22, 'TP'),
(128, 18, 33, 'TD'),
(126, 18, 40, 'TP'),
(129, 18, 57, 'Cours'),
(124, 18, 146, 'Cours'),
(136, 19, 16, 'Cours'),
(137, 19, 29, 'Cours'),
(144, 20, 9, 'Cours'),
(145, 20, 24, 'Cours'),
(149, 21, 7, 'TP'),
(150, 21, 21, 'TD'),
(146, 21, 27, 'Cours'),
(151, 21, 33, 'Cours'),
(147, 21, 71, 'TD'),
(148, 21, 127, 'TP'),
(158, 22, 52, 'Cours'),
(159, 22, 67, 'Cours'),
(166, 23, 73, 'Cours'),
(221, 24, 3, 'Cours'),
(222, 24, 26, 'Cours'),
(220, 24, 27, 'Cours'),
(228, 25, 20, 'TP'),
(224, 25, 26, 'Cours'),
(227, 25, 34, 'TD'),
(223, 25, 40, 'Cours'),
(226, 25, 46, 'Cours'),
(225, 25, 61, 'Cours'),
(279, 26, 1, 'Cours'),
(276, 26, 2, 'Cours'),
(277, 26, 2, 'TD'),
(278, 26, 2, 'TP');

-- --------------------------------------------------------

--
-- Structure de la table `notifications`
--

CREATE TABLE `notifications` (
  `id` int(11) NOT NULL,
  `utilisateur_id` int(11) NOT NULL,
  `type_notification` enum('voeu accepté','négociation','nouveau voeu') NOT NULL,
  `message` text NOT NULL,
  `statut` enum('non lu','lu') DEFAULT 'non lu',
  `created_at` timestamp NOT NULL DEFAULT current_timestamp()
) ENGINE=InnoDB DEFAULT CHARSET=utf8mb4 COLLATE=utf8mb4_general_ci;

-- --------------------------------------------------------

--
-- Structure de la table `utilisateurs`
--

CREATE TABLE `utilisateurs` (
  `id` int(11) NOT NULL,
  `email` varchar(255) NOT NULL,
  `password` varchar(255) NOT NULL,
  `nom` varchar(255) NOT NULL,
  `prenom` varchar(255) NOT NULL,
  `role` enum('enseignant','chef_departement') NOT NULL DEFAULT 'enseignant',
  `date_inscription` datetime DEFAULT NULL,
  `grade` varchar(255) DEFAULT NULL,
  `matricule` varchar(255) DEFAULT NULL,
  `faculte` varchar(255) DEFAULT NULL,
  `departement` varchar(255) DEFAULT NULL,
  `statut` enum('titulaire','vacataire','doctorant','autre_faculte') DEFAULT NULL,
  `bureau` varchar(255) DEFAULT NULL,
  `heures_supplementaires` tinyint(1) DEFAULT 0
) ENGINE=InnoDB DEFAULT CHARSET=utf8mb4 COLLATE=utf8mb4_general_ci;

--
-- Déchargement des données de la table `utilisateurs`
--

INSERT INTO `utilisateurs` (`id`, `email`, `password`, `nom`, `prenom`, `role`, `date_inscription`, `grade`, `matricule`, `faculte`, `departement`, `statut`, `bureau`, `heures_supplementaires`) VALUES
(1, 'fatima.chef@gmail.com', '$2b$10$oCs545FSUkd3Z./TQZeooOI2RNPZTuI0nrgOlNBpVqFrj53rU8WDa', 'Fatima', 'Bensalah', 'chef_departement', '2025-05-05 14:52:54', NULL, NULL, NULL, NULL, NULL, NULL, 0),
(14, 'karodz@gmail.com', '$2b$10$FGW23vvhseEdKTNtL2/61.8saQ9FM4FDCH80HBozPiK2VeFgcaERu', 'Mezni', 'Karim ', 'enseignant', '2025-05-15 14:24:21', 'MAA', NULL, 'informatique', 'AI', NULL, NULL, 0),
(16, 'amine@gmail.com', '$2a$12$ddW7UliW.sRQsNrWg.z6belQ0aIi/GiXENelboC.UgZlnIoUwCcpO', 'DZ', 'Amine', 'chef_departement', '2025-05-15 16:46:36', NULL, NULL, NULL, NULL, NULL, NULL, 0),
(17, 'linadz@mail.dz', '$2b$10$u9pGLbJiux/xpY9ZBbHTJu.MPw/kJweAyLLuUc4/tH4ynu9qJuyza', 'Bouzid', 'Lina ', 'enseignant', '2025-05-15 14:49:14', 'MAA', NULL, 'informatique', 'AI', NULL, NULL, 0),
(18, 'tareko@gmail.com', '$2b$10$P2Ffw5lsJx6TThceZhduJ.W/GFn4M11ebSvOfWVe72z.9hthUYcWC', 'Saadi', 'Tarek ', 'enseignant', '2025-05-15 15:56:20', 'MAA', NULL, 'genie civil', 'GHU', NULL, NULL, 0),
(19, 'sabdz@gmail.com', '$2b$10$06dNPdX0fO1/YDOeFwuwJeCp9Y65sJW5ChWrPnzisij2.Q480d0EK', 'Touati', 'Sabrina ', 'enseignant', '2025-05-15 23:39:25', 'MCB', NULL, 'informatique', 'AI', NULL, NULL, 0),
(20, 'imani@outlook.com', '$2b$10$Bp4tkUaNLOQt4Bje8FuDA.NHa9Pe81Ypr05fGURwwB.5CXIn0kvU6', 'Rahmani', 'Imane ', 'enseignant', '2025-05-16 00:54:42', 'MCB', NULL, 'mathematique', 'ALG', NULL, NULL, 0),
(21, 'ramix@dzmail.com', '$2b$10$Gxlo40twApPN0BOCB1.JIORZFLxq.aOkp7qossI9MfSFtRnbMCvqS', 'Chikhi', 'Rami ', 'enseignant', '2025-05-16 01:22:13', 'MAB', NULL, 'informatique', 'SIQ', NULL, NULL, 0),
(22, 'moh@gmail.com', '$2b$10$nWCZ4undg3oeAz7MUQ3pq.IeBykr3fZhjdFTlp3ENUy17e3ZwcgZG', 'Moh', 'Moh', 'enseignant', '2025-05-16 21:18:46', 'MAA', NULL, 'informatique', 'AI', NULL, NULL, 0),
(23, 'yes@gmail.com', '$2b$10$Me5b2UOPSynrxHQ9NNqKYuUIcNYSGCGT244cz4dUcjhbq7/zRfBt6', 'Moh', 'Moh', 'enseignant', '2025-05-16 21:34:57', 'MAB', NULL, 'physique', 'PHY-T', NULL, NULL, 0),
(24, 'momo@gmail.com', '$2b$10$G47JCMNpO7Fx4wOFEVMgGeC23TK3ypdzZq.m8htTnU9qZ3BMQmGam', 'momo', 'momo', 'enseignant', '2025-05-16 22:16:09', 'MAA', NULL, 'electronique', 'TEL', NULL, NULL, 0),
(26, 'ali@gmail.com', '$2b$10$kNKnGULSPrYalpMvWdm.4uinyK11.oAQ4KuxEABtJSaYaPu.aIaqK', 'ali', 'ali', 'enseignant', '2025-05-17 01:54:11', 'MAA', NULL, 'informatique', 'SIQ', NULL, NULL, 0),
(27, 'yoba@gmail.com', '$2b$10$RVPlUgNP5s4v2f/O7bmmxeXwye.8pRwd7FmRXkzAM43iQdzNXIbVu', 'yoba', 'yoba', 'enseignant', '2025-05-18 12:04:04', 'MCA', NULL, 'physique', 'PHY-T', NULL, NULL, 0),
(28, 'zizi@gmail.com', '$2b$10$2KcQXokfR2keLG/9ivjBbeujyx.3ku7KJi3YIkZuO6/uew8.0/wEq', 'zizi', 'zizi', 'enseignant', '2025-05-18 14:21:51', 'MCA', NULL, 'mathematique', 'ALG', NULL, NULL, 0),
(29, 'zoro@gmail.com', '$2b$10$HcX0K.JuLSgYNIFBNQ6vVuWwmcvie0M9ZRgJUlOCQJ2fVBeBCheKu', 'zoro', 'zoro', 'enseignant', '2025-05-18 14:25:00', 'MAB', NULL, 'genie civil', 'GGC', NULL, NULL, 0),
(30, 'lona@gmail.com', '$2b$10$E5gO41UBsIK7GQGBvCst2.BQV/Tu0RMeIZorM7y3y5yDTZ.4KTEjO', 'lona', 'lona', 'enseignant', '2025-05-18 14:48:33', 'MAB', NULL, 'electronique', 'TEL', NULL, NULL, 0),
(31, 'user@gmail.com', '$2b$10$xNS5TU1Z/RlJ.JTS2A.C5.5PXDRwQne/6vgjkKA9Y/UD1tI.U3oBu', 'user', 'user', 'enseignant', '2025-05-18 21:56:59', 'MAB', NULL, 'informatique', 'AI', NULL, NULL, 0),
(32, 'koko@gmail.com', '$2b$10$8ffskuRoBm6rQ9j.rNbnru8dg7hktQf2/VEsjP8NZ6nrIR2RWrBxa', 'Koko', 'Koko', 'enseignant', '2025-05-20 16:49:58', 'MAB', NULL, 'informatique', 'SIQ', NULL, NULL, 0),
(33, 'rob@gmail.com', '$2b$10$SvUjPxbVcjAkERct0lU/wOuQeHdylRvqPBcWtv7iCTz3oqZb8Ve8K', 'rob', 'rob', 'enseignant', '2025-05-20 17:36:37', 'MCB', NULL, 'electronique', 'SYS', NULL, NULL, 0);

-- --------------------------------------------------------

--
-- Structure de la table `voeux`
--

CREATE TABLE `voeux` (
  `id` int(11) NOT NULL,
  `utilisateur_id` int(11) NOT NULL,
  `annee` int(11) NOT NULL,
  `status` enum('en attente','accepté','en négociation','refusé') DEFAULT 'en attente',
  `nb_pfe_licence` int(11) DEFAULT 1,
  `nb_pfe_master` int(11) DEFAULT 1,
  `heures_sup` int(11) DEFAULT 0,
  `commentaire` text DEFAULT NULL,
  `date_soumission` datetime DEFAULT NULL
) ENGINE=InnoDB DEFAULT CHARSET=utf8mb4 COLLATE=utf8mb4_general_ci;

--
-- Déchargement des données de la table `voeux`
--

INSERT INTO `voeux` (`id`, `utilisateur_id`, `annee`, `status`, `nb_pfe_licence`, `nb_pfe_master`, `heures_sup`, `commentaire`, `date_soumission`) VALUES
(10, 14, 2024, 'accepté', 4, 2, 0, 'Msg', '2025-05-15 14:34:01'),
(11, 17, 2024, 'accepté', 4, 5, 0, 'fdssdfsdf', '2025-05-15 14:50:07'),
(12, 18, 2024, 'accepté', 3, 5, 0, 'qsdqsdqsdqd', '2025-05-15 15:57:39'),
(13, 19, 2024, 'accepté', 2, 3, 0, 'fsdfsdfsf', '2025-05-16 00:34:02'),
(14, 21, 2024, 'accepté', 3, 5, 0, 'Message', '2025-05-16 01:23:18'),
(15, 20, 2024, 'accepté', 4, 3, 0, 'Msg', '2025-05-16 15:53:30'),
(16, 22, 2024, 'accepté', 3, 3, 0, 'Oui', '2025-05-16 21:30:16'),
(17, 23, 2024, 'accepté', 3, 4, 0, 'AAAAAAAAAA', '2025-05-16 21:35:59'),
(18, 24, 2024, 'accepté', 3, 4, 0, 'Msg', '2025-05-16 22:23:48'),
(19, 26, 2024, 'accepté', 4, 3, 0, 'Amine', '2025-05-17 01:55:31'),
(20, 27, 2024, 'accepté', 2, 1, 0, 'Msg', '2025-05-18 12:05:10'),
(21, 28, 2024, 'accepté', 4, 3, 0, 'Msg', '2025-05-18 14:23:24'),
(22, 29, 2024, 'accepté', 3, 5, 0, 'Msg', '2025-05-18 14:26:07'),
(23, 30, 2024, 'accepté', 3, 5, 0, 'Amine', '2025-05-18 14:49:41'),
(24, 31, 2024, 'accepté', 5, 2, 0, 'MsgSS', '2025-05-20 16:40:24'),
(25, 32, 2024, 'accepté', 5, 5, 0, 'Last', '2025-05-20 16:51:00'),
(26, 33, 2024, 'accepté', 2, 3, 0, 'BBB', '2025-05-20 18:03:47');

--
-- Index pour les tables déchargées
--

--
-- Index pour la table `enseignants`
--
ALTER TABLE `enseignants`
  ADD PRIMARY KEY (`utilisateur_id`);

--
-- Index pour la table `messages`
--
ALTER TABLE `messages`
  ADD PRIMARY KEY (`id`),
  ADD KEY `sender_id` (`sender_id`),
  ADD KEY `receiver_id` (`receiver_id`);

--
-- Index pour la table `modules`
--
ALTER TABLE `modules`
  ADD PRIMARY KEY (`id`),
  ADD UNIQUE KEY `niveau` (`niveau`,`specialite`,`semestre`,`nom_module`),
  ADD UNIQUE KEY `modules_niveau_specialite_semestre_nom_module` (`niveau`,`specialite`,`semestre`,`nom_module`);

--
-- Index pour la table `module_voeux`
--
ALTER TABLE `module_voeux`
  ADD PRIMARY KEY (`id`),
  ADD UNIQUE KEY `voeu_id` (`voeu_id`,`module_id`,`type_enseignement`),
  ADD KEY `module_id` (`module_id`);

--
-- Index pour la table `notifications`
--
ALTER TABLE `notifications`
  ADD PRIMARY KEY (`id`),
  ADD KEY `utilisateur_id` (`utilisateur_id`);

--
-- Index pour la table `utilisateurs`
--
ALTER TABLE `utilisateurs`
  ADD PRIMARY KEY (`id`),
  ADD UNIQUE KEY `email` (`email`);

--
-- Index pour la table `voeux`
--
ALTER TABLE `voeux`
  ADD PRIMARY KEY (`id`),
  ADD KEY `utilisateur_id` (`utilisateur_id`);

--
-- AUTO_INCREMENT pour les tables déchargées
--

--
-- AUTO_INCREMENT pour la table `messages`
--
ALTER TABLE `messages`
  MODIFY `id` int(11) NOT NULL AUTO_INCREMENT, AUTO_INCREMENT=21;

--
-- AUTO_INCREMENT pour la table `modules`
--
ALTER TABLE `modules`
  MODIFY `id` int(11) NOT NULL AUTO_INCREMENT, AUTO_INCREMENT=198;

--
-- AUTO_INCREMENT pour la table `module_voeux`
--
ALTER TABLE `module_voeux`
  MODIFY `id` int(11) NOT NULL AUTO_INCREMENT, AUTO_INCREMENT=286;

--
-- AUTO_INCREMENT pour la table `notifications`
--
ALTER TABLE `notifications`
  MODIFY `id` int(11) NOT NULL AUTO_INCREMENT;

--
-- AUTO_INCREMENT pour la table `utilisateurs`
--
ALTER TABLE `utilisateurs`
  MODIFY `id` int(11) NOT NULL AUTO_INCREMENT, AUTO_INCREMENT=36;

--
-- AUTO_INCREMENT pour la table `voeux`
--
ALTER TABLE `voeux`
  MODIFY `id` int(11) NOT NULL AUTO_INCREMENT, AUTO_INCREMENT=28;

--
-- Contraintes pour les tables déchargées
--

--
-- Contraintes pour la table `enseignants`
--
ALTER TABLE `enseignants`
  ADD CONSTRAINT `enseignants_ibfk_1` FOREIGN KEY (`utilisateur_id`) REFERENCES `utilisateurs` (`id`) ON DELETE CASCADE;

--
-- Contraintes pour la table `messages`
--
ALTER TABLE `messages`
  ADD CONSTRAINT `messages_ibfk_1` FOREIGN KEY (`sender_id`) REFERENCES `utilisateurs` (`id`),
  ADD CONSTRAINT `messages_ibfk_2` FOREIGN KEY (`receiver_id`) REFERENCES `utilisateurs` (`id`);

--
-- Contraintes pour la table `module_voeux`
--
ALTER TABLE `module_voeux`
  ADD CONSTRAINT `module_voeux_ibfk_10` FOREIGN KEY (`module_id`) REFERENCES `modules` (`id`) ON DELETE CASCADE ON UPDATE CASCADE,
  ADD CONSTRAINT `module_voeux_ibfk_100` FOREIGN KEY (`module_id`) REFERENCES `modules` (`id`) ON DELETE CASCADE ON UPDATE CASCADE,
  ADD CONSTRAINT `module_voeux_ibfk_102` FOREIGN KEY (`module_id`) REFERENCES `modules` (`id`) ON DELETE CASCADE ON UPDATE CASCADE,
  ADD CONSTRAINT `module_voeux_ibfk_104` FOREIGN KEY (`module_id`) REFERENCES `modules` (`id`) ON DELETE CASCADE ON UPDATE CASCADE,
  ADD CONSTRAINT `module_voeux_ibfk_106` FOREIGN KEY (`module_id`) REFERENCES `modules` (`id`) ON DELETE CASCADE ON UPDATE CASCADE,
  ADD CONSTRAINT `module_voeux_ibfk_108` FOREIGN KEY (`module_id`) REFERENCES `modules` (`id`) ON DELETE CASCADE ON UPDATE CASCADE,
  ADD CONSTRAINT `module_voeux_ibfk_110` FOREIGN KEY (`module_id`) REFERENCES `modules` (`id`) ON DELETE CASCADE ON UPDATE CASCADE,
  ADD CONSTRAINT `module_voeux_ibfk_112` FOREIGN KEY (`module_id`) REFERENCES `modules` (`id`) ON DELETE CASCADE ON UPDATE CASCADE,
  ADD CONSTRAINT `module_voeux_ibfk_114` FOREIGN KEY (`module_id`) REFERENCES `modules` (`id`) ON DELETE CASCADE ON UPDATE CASCADE,
  ADD CONSTRAINT `module_voeux_ibfk_116` FOREIGN KEY (`module_id`) REFERENCES `modules` (`id`) ON DELETE CASCADE ON UPDATE CASCADE,
  ADD CONSTRAINT `module_voeux_ibfk_118` FOREIGN KEY (`module_id`) REFERENCES `modules` (`id`) ON DELETE CASCADE ON UPDATE CASCADE,
  ADD CONSTRAINT `module_voeux_ibfk_12` FOREIGN KEY (`module_id`) REFERENCES `modules` (`id`) ON DELETE CASCADE ON UPDATE CASCADE,
  ADD CONSTRAINT `module_voeux_ibfk_120` FOREIGN KEY (`module_id`) REFERENCES `modules` (`id`) ON DELETE CASCADE ON UPDATE CASCADE,
  ADD CONSTRAINT `module_voeux_ibfk_122` FOREIGN KEY (`module_id`) REFERENCES `modules` (`id`) ON DELETE CASCADE ON UPDATE CASCADE,
  ADD CONSTRAINT `module_voeux_ibfk_124` FOREIGN KEY (`module_id`) REFERENCES `modules` (`id`) ON DELETE CASCADE ON UPDATE CASCADE,
  ADD CONSTRAINT `module_voeux_ibfk_126` FOREIGN KEY (`module_id`) REFERENCES `modules` (`id`) ON DELETE CASCADE ON UPDATE CASCADE,
  ADD CONSTRAINT `module_voeux_ibfk_128` FOREIGN KEY (`module_id`) REFERENCES `modules` (`id`) ON DELETE CASCADE ON UPDATE CASCADE,
  ADD CONSTRAINT `module_voeux_ibfk_130` FOREIGN KEY (`module_id`) REFERENCES `modules` (`id`) ON DELETE CASCADE ON UPDATE CASCADE,
  ADD CONSTRAINT `module_voeux_ibfk_132` FOREIGN KEY (`module_id`) REFERENCES `modules` (`id`) ON DELETE CASCADE ON UPDATE CASCADE,
  ADD CONSTRAINT `module_voeux_ibfk_134` FOREIGN KEY (`module_id`) REFERENCES `modules` (`id`) ON DELETE CASCADE ON UPDATE CASCADE,
  ADD CONSTRAINT `module_voeux_ibfk_136` FOREIGN KEY (`module_id`) REFERENCES `modules` (`id`) ON DELETE CASCADE ON UPDATE CASCADE,
  ADD CONSTRAINT `module_voeux_ibfk_138` FOREIGN KEY (`module_id`) REFERENCES `modules` (`id`) ON DELETE CASCADE ON UPDATE CASCADE,
  ADD CONSTRAINT `module_voeux_ibfk_14` FOREIGN KEY (`module_id`) REFERENCES `modules` (`id`) ON DELETE CASCADE ON UPDATE CASCADE,
  ADD CONSTRAINT `module_voeux_ibfk_140` FOREIGN KEY (`module_id`) REFERENCES `modules` (`id`) ON DELETE CASCADE ON UPDATE CASCADE,
  ADD CONSTRAINT `module_voeux_ibfk_142` FOREIGN KEY (`module_id`) REFERENCES `modules` (`id`) ON DELETE CASCADE ON UPDATE CASCADE,
  ADD CONSTRAINT `module_voeux_ibfk_144` FOREIGN KEY (`module_id`) REFERENCES `modules` (`id`) ON DELETE CASCADE ON UPDATE CASCADE,
  ADD CONSTRAINT `module_voeux_ibfk_146` FOREIGN KEY (`module_id`) REFERENCES `modules` (`id`) ON DELETE CASCADE ON UPDATE CASCADE,
  ADD CONSTRAINT `module_voeux_ibfk_148` FOREIGN KEY (`module_id`) REFERENCES `modules` (`id`) ON DELETE CASCADE ON UPDATE CASCADE,
  ADD CONSTRAINT `module_voeux_ibfk_150` FOREIGN KEY (`module_id`) REFERENCES `modules` (`id`) ON DELETE CASCADE ON UPDATE CASCADE,
  ADD CONSTRAINT `module_voeux_ibfk_152` FOREIGN KEY (`module_id`) REFERENCES `modules` (`id`) ON DELETE CASCADE ON UPDATE CASCADE,
  ADD CONSTRAINT `module_voeux_ibfk_154` FOREIGN KEY (`module_id`) REFERENCES `modules` (`id`) ON DELETE CASCADE ON UPDATE CASCADE,
  ADD CONSTRAINT `module_voeux_ibfk_156` FOREIGN KEY (`module_id`) REFERENCES `modules` (`id`) ON DELETE CASCADE ON UPDATE CASCADE,
  ADD CONSTRAINT `module_voeux_ibfk_158` FOREIGN KEY (`module_id`) REFERENCES `modules` (`id`) ON DELETE CASCADE ON UPDATE CASCADE,
  ADD CONSTRAINT `module_voeux_ibfk_16` FOREIGN KEY (`module_id`) REFERENCES `modules` (`id`) ON DELETE CASCADE ON UPDATE CASCADE,
  ADD CONSTRAINT `module_voeux_ibfk_160` FOREIGN KEY (`module_id`) REFERENCES `modules` (`id`) ON DELETE CASCADE ON UPDATE CASCADE,
  ADD CONSTRAINT `module_voeux_ibfk_162` FOREIGN KEY (`module_id`) REFERENCES `modules` (`id`) ON DELETE CASCADE ON UPDATE CASCADE,
  ADD CONSTRAINT `module_voeux_ibfk_164` FOREIGN KEY (`module_id`) REFERENCES `modules` (`id`) ON DELETE CASCADE ON UPDATE CASCADE,
  ADD CONSTRAINT `module_voeux_ibfk_166` FOREIGN KEY (`module_id`) REFERENCES `modules` (`id`) ON DELETE CASCADE ON UPDATE CASCADE,
  ADD CONSTRAINT `module_voeux_ibfk_168` FOREIGN KEY (`module_id`) REFERENCES `modules` (`id`) ON DELETE CASCADE ON UPDATE CASCADE,
  ADD CONSTRAINT `module_voeux_ibfk_170` FOREIGN KEY (`module_id`) REFERENCES `modules` (`id`) ON DELETE CASCADE ON UPDATE CASCADE,
  ADD CONSTRAINT `module_voeux_ibfk_172` FOREIGN KEY (`module_id`) REFERENCES `modules` (`id`) ON DELETE CASCADE ON UPDATE CASCADE,
  ADD CONSTRAINT `module_voeux_ibfk_174` FOREIGN KEY (`module_id`) REFERENCES `modules` (`id`) ON DELETE CASCADE ON UPDATE CASCADE,
  ADD CONSTRAINT `module_voeux_ibfk_176` FOREIGN KEY (`module_id`) REFERENCES `modules` (`id`) ON DELETE CASCADE ON UPDATE CASCADE,
  ADD CONSTRAINT `module_voeux_ibfk_178` FOREIGN KEY (`module_id`) REFERENCES `modules` (`id`) ON DELETE CASCADE ON UPDATE CASCADE,
  ADD CONSTRAINT `module_voeux_ibfk_18` FOREIGN KEY (`module_id`) REFERENCES `modules` (`id`) ON DELETE CASCADE ON UPDATE CASCADE,
  ADD CONSTRAINT `module_voeux_ibfk_180` FOREIGN KEY (`module_id`) REFERENCES `modules` (`id`) ON DELETE CASCADE ON UPDATE CASCADE,
  ADD CONSTRAINT `module_voeux_ibfk_182` FOREIGN KEY (`module_id`) REFERENCES `modules` (`id`) ON DELETE CASCADE ON UPDATE CASCADE,
  ADD CONSTRAINT `module_voeux_ibfk_184` FOREIGN KEY (`module_id`) REFERENCES `modules` (`id`) ON DELETE CASCADE ON UPDATE CASCADE,
  ADD CONSTRAINT `module_voeux_ibfk_186` FOREIGN KEY (`module_id`) REFERENCES `modules` (`id`) ON DELETE CASCADE ON UPDATE CASCADE,
  ADD CONSTRAINT `module_voeux_ibfk_188` FOREIGN KEY (`module_id`) REFERENCES `modules` (`id`) ON DELETE CASCADE ON UPDATE CASCADE,
  ADD CONSTRAINT `module_voeux_ibfk_190` FOREIGN KEY (`module_id`) REFERENCES `modules` (`id`) ON DELETE CASCADE ON UPDATE CASCADE,
  ADD CONSTRAINT `module_voeux_ibfk_192` FOREIGN KEY (`module_id`) REFERENCES `modules` (`id`) ON DELETE CASCADE ON UPDATE CASCADE,
  ADD CONSTRAINT `module_voeux_ibfk_194` FOREIGN KEY (`module_id`) REFERENCES `modules` (`id`) ON DELETE CASCADE ON UPDATE CASCADE,
  ADD CONSTRAINT `module_voeux_ibfk_196` FOREIGN KEY (`module_id`) REFERENCES `modules` (`id`) ON DELETE CASCADE ON UPDATE CASCADE,
  ADD CONSTRAINT `module_voeux_ibfk_198` FOREIGN KEY (`module_id`) REFERENCES `modules` (`id`) ON DELETE CASCADE ON UPDATE CASCADE,
  ADD CONSTRAINT `module_voeux_ibfk_2` FOREIGN KEY (`module_id`) REFERENCES `modules` (`id`) ON DELETE CASCADE,
  ADD CONSTRAINT `module_voeux_ibfk_20` FOREIGN KEY (`module_id`) REFERENCES `modules` (`id`) ON DELETE CASCADE ON UPDATE CASCADE,
  ADD CONSTRAINT `module_voeux_ibfk_200` FOREIGN KEY (`module_id`) REFERENCES `modules` (`id`) ON DELETE CASCADE ON UPDATE CASCADE,
  ADD CONSTRAINT `module_voeux_ibfk_202` FOREIGN KEY (`module_id`) REFERENCES `modules` (`id`) ON DELETE CASCADE ON UPDATE CASCADE,
  ADD CONSTRAINT `module_voeux_ibfk_204` FOREIGN KEY (`module_id`) REFERENCES `modules` (`id`) ON DELETE CASCADE ON UPDATE CASCADE,
  ADD CONSTRAINT `module_voeux_ibfk_206` FOREIGN KEY (`module_id`) REFERENCES `modules` (`id`) ON DELETE CASCADE ON UPDATE CASCADE,
  ADD CONSTRAINT `module_voeux_ibfk_208` FOREIGN KEY (`module_id`) REFERENCES `modules` (`id`) ON DELETE CASCADE ON UPDATE CASCADE,
  ADD CONSTRAINT `module_voeux_ibfk_210` FOREIGN KEY (`module_id`) REFERENCES `modules` (`id`) ON DELETE CASCADE ON UPDATE CASCADE,
  ADD CONSTRAINT `module_voeux_ibfk_212` FOREIGN KEY (`module_id`) REFERENCES `modules` (`id`) ON DELETE CASCADE ON UPDATE CASCADE,
  ADD CONSTRAINT `module_voeux_ibfk_214` FOREIGN KEY (`module_id`) REFERENCES `modules` (`id`) ON DELETE CASCADE ON UPDATE CASCADE,
  ADD CONSTRAINT `module_voeux_ibfk_216` FOREIGN KEY (`module_id`) REFERENCES `modules` (`id`) ON DELETE CASCADE ON UPDATE CASCADE,
  ADD CONSTRAINT `module_voeux_ibfk_218` FOREIGN KEY (`module_id`) REFERENCES `modules` (`id`) ON DELETE CASCADE ON UPDATE CASCADE,
  ADD CONSTRAINT `module_voeux_ibfk_22` FOREIGN KEY (`module_id`) REFERENCES `modules` (`id`) ON DELETE CASCADE ON UPDATE CASCADE,
  ADD CONSTRAINT `module_voeux_ibfk_220` FOREIGN KEY (`module_id`) REFERENCES `modules` (`id`) ON DELETE CASCADE ON UPDATE CASCADE,
  ADD CONSTRAINT `module_voeux_ibfk_222` FOREIGN KEY (`module_id`) REFERENCES `modules` (`id`) ON DELETE CASCADE ON UPDATE CASCADE,
  ADD CONSTRAINT `module_voeux_ibfk_224` FOREIGN KEY (`module_id`) REFERENCES `modules` (`id`) ON DELETE CASCADE ON UPDATE CASCADE,
  ADD CONSTRAINT `module_voeux_ibfk_226` FOREIGN KEY (`module_id`) REFERENCES `modules` (`id`) ON DELETE CASCADE ON UPDATE CASCADE,
  ADD CONSTRAINT `module_voeux_ibfk_228` FOREIGN KEY (`module_id`) REFERENCES `modules` (`id`) ON DELETE CASCADE ON UPDATE CASCADE,
  ADD CONSTRAINT `module_voeux_ibfk_230` FOREIGN KEY (`module_id`) REFERENCES `modules` (`id`) ON DELETE CASCADE ON UPDATE CASCADE,
  ADD CONSTRAINT `module_voeux_ibfk_232` FOREIGN KEY (`module_id`) REFERENCES `modules` (`id`) ON DELETE CASCADE ON UPDATE CASCADE,
  ADD CONSTRAINT `module_voeux_ibfk_234` FOREIGN KEY (`module_id`) REFERENCES `modules` (`id`) ON DELETE CASCADE ON UPDATE CASCADE,
  ADD CONSTRAINT `module_voeux_ibfk_236` FOREIGN KEY (`module_id`) REFERENCES `modules` (`id`) ON DELETE CASCADE ON UPDATE CASCADE,
  ADD CONSTRAINT `module_voeux_ibfk_238` FOREIGN KEY (`module_id`) REFERENCES `modules` (`id`) ON DELETE CASCADE ON UPDATE CASCADE,
  ADD CONSTRAINT `module_voeux_ibfk_24` FOREIGN KEY (`module_id`) REFERENCES `modules` (`id`) ON DELETE CASCADE ON UPDATE CASCADE,
  ADD CONSTRAINT `module_voeux_ibfk_240` FOREIGN KEY (`module_id`) REFERENCES `modules` (`id`) ON DELETE CASCADE ON UPDATE CASCADE,
  ADD CONSTRAINT `module_voeux_ibfk_242` FOREIGN KEY (`module_id`) REFERENCES `modules` (`id`) ON DELETE CASCADE ON UPDATE CASCADE,
  ADD CONSTRAINT `module_voeux_ibfk_244` FOREIGN KEY (`module_id`) REFERENCES `modules` (`id`) ON DELETE CASCADE ON UPDATE CASCADE,
  ADD CONSTRAINT `module_voeux_ibfk_246` FOREIGN KEY (`module_id`) REFERENCES `modules` (`id`) ON DELETE CASCADE ON UPDATE CASCADE,
  ADD CONSTRAINT `module_voeux_ibfk_248` FOREIGN KEY (`module_id`) REFERENCES `modules` (`id`) ON DELETE CASCADE ON UPDATE CASCADE,
  ADD CONSTRAINT `module_voeux_ibfk_250` FOREIGN KEY (`module_id`) REFERENCES `modules` (`id`) ON DELETE CASCADE ON UPDATE CASCADE,
  ADD CONSTRAINT `module_voeux_ibfk_252` FOREIGN KEY (`module_id`) REFERENCES `modules` (`id`) ON DELETE CASCADE ON UPDATE CASCADE,
  ADD CONSTRAINT `module_voeux_ibfk_254` FOREIGN KEY (`module_id`) REFERENCES `modules` (`id`) ON DELETE CASCADE ON UPDATE CASCADE,
  ADD CONSTRAINT `module_voeux_ibfk_256` FOREIGN KEY (`module_id`) REFERENCES `modules` (`id`) ON DELETE CASCADE ON UPDATE CASCADE,
  ADD CONSTRAINT `module_voeux_ibfk_258` FOREIGN KEY (`module_id`) REFERENCES `modules` (`id`) ON DELETE CASCADE ON UPDATE CASCADE,
  ADD CONSTRAINT `module_voeux_ibfk_26` FOREIGN KEY (`module_id`) REFERENCES `modules` (`id`) ON DELETE CASCADE ON UPDATE CASCADE,
  ADD CONSTRAINT `module_voeux_ibfk_260` FOREIGN KEY (`module_id`) REFERENCES `modules` (`id`) ON DELETE CASCADE ON UPDATE CASCADE,
  ADD CONSTRAINT `module_voeux_ibfk_262` FOREIGN KEY (`module_id`) REFERENCES `modules` (`id`) ON DELETE CASCADE ON UPDATE CASCADE,
  ADD CONSTRAINT `module_voeux_ibfk_264` FOREIGN KEY (`module_id`) REFERENCES `modules` (`id`) ON DELETE CASCADE ON UPDATE CASCADE,
  ADD CONSTRAINT `module_voeux_ibfk_266` FOREIGN KEY (`module_id`) REFERENCES `modules` (`id`) ON DELETE CASCADE ON UPDATE CASCADE,
  ADD CONSTRAINT `module_voeux_ibfk_268` FOREIGN KEY (`module_id`) REFERENCES `modules` (`id`) ON DELETE CASCADE ON UPDATE CASCADE,
  ADD CONSTRAINT `module_voeux_ibfk_270` FOREIGN KEY (`module_id`) REFERENCES `modules` (`id`) ON DELETE CASCADE ON UPDATE CASCADE,
  ADD CONSTRAINT `module_voeux_ibfk_272` FOREIGN KEY (`module_id`) REFERENCES `modules` (`id`) ON DELETE CASCADE ON UPDATE CASCADE,
  ADD CONSTRAINT `module_voeux_ibfk_274` FOREIGN KEY (`module_id`) REFERENCES `modules` (`id`) ON DELETE CASCADE ON UPDATE CASCADE,
  ADD CONSTRAINT `module_voeux_ibfk_276` FOREIGN KEY (`module_id`) REFERENCES `modules` (`id`) ON DELETE CASCADE ON UPDATE CASCADE,
  ADD CONSTRAINT `module_voeux_ibfk_278` FOREIGN KEY (`module_id`) REFERENCES `modules` (`id`) ON DELETE CASCADE ON UPDATE CASCADE,
  ADD CONSTRAINT `module_voeux_ibfk_28` FOREIGN KEY (`module_id`) REFERENCES `modules` (`id`) ON DELETE CASCADE ON UPDATE CASCADE,
  ADD CONSTRAINT `module_voeux_ibfk_280` FOREIGN KEY (`module_id`) REFERENCES `modules` (`id`) ON DELETE CASCADE ON UPDATE CASCADE,
  ADD CONSTRAINT `module_voeux_ibfk_282` FOREIGN KEY (`module_id`) REFERENCES `modules` (`id`) ON DELETE CASCADE ON UPDATE CASCADE,
  ADD CONSTRAINT `module_voeux_ibfk_284` FOREIGN KEY (`module_id`) REFERENCES `modules` (`id`) ON DELETE CASCADE ON UPDATE CASCADE,
  ADD CONSTRAINT `module_voeux_ibfk_286` FOREIGN KEY (`module_id`) REFERENCES `modules` (`id`) ON DELETE CASCADE ON UPDATE CASCADE,
  ADD CONSTRAINT `module_voeux_ibfk_288` FOREIGN KEY (`module_id`) REFERENCES `modules` (`id`) ON DELETE CASCADE ON UPDATE CASCADE,
  ADD CONSTRAINT `module_voeux_ibfk_290` FOREIGN KEY (`module_id`) REFERENCES `modules` (`id`) ON DELETE CASCADE ON UPDATE CASCADE,
  ADD CONSTRAINT `module_voeux_ibfk_292` FOREIGN KEY (`module_id`) REFERENCES `modules` (`id`) ON DELETE CASCADE ON UPDATE CASCADE,
  ADD CONSTRAINT `module_voeux_ibfk_294` FOREIGN KEY (`module_id`) REFERENCES `modules` (`id`) ON DELETE CASCADE ON UPDATE CASCADE,
  ADD CONSTRAINT `module_voeux_ibfk_296` FOREIGN KEY (`module_id`) REFERENCES `modules` (`id`) ON DELETE CASCADE ON UPDATE CASCADE,
  ADD CONSTRAINT `module_voeux_ibfk_298` FOREIGN KEY (`module_id`) REFERENCES `modules` (`id`) ON DELETE CASCADE ON UPDATE CASCADE,
  ADD CONSTRAINT `module_voeux_ibfk_30` FOREIGN KEY (`module_id`) REFERENCES `modules` (`id`) ON DELETE CASCADE ON UPDATE CASCADE,
  ADD CONSTRAINT `module_voeux_ibfk_300` FOREIGN KEY (`module_id`) REFERENCES `modules` (`id`) ON DELETE CASCADE ON UPDATE CASCADE,
  ADD CONSTRAINT `module_voeux_ibfk_302` FOREIGN KEY (`module_id`) REFERENCES `modules` (`id`) ON DELETE CASCADE ON UPDATE CASCADE,
  ADD CONSTRAINT `module_voeux_ibfk_304` FOREIGN KEY (`module_id`) REFERENCES `modules` (`id`) ON DELETE CASCADE ON UPDATE CASCADE,
  ADD CONSTRAINT `module_voeux_ibfk_306` FOREIGN KEY (`module_id`) REFERENCES `modules` (`id`) ON DELETE CASCADE ON UPDATE CASCADE,
  ADD CONSTRAINT `module_voeux_ibfk_308` FOREIGN KEY (`module_id`) REFERENCES `modules` (`id`) ON DELETE CASCADE ON UPDATE CASCADE,
  ADD CONSTRAINT `module_voeux_ibfk_310` FOREIGN KEY (`module_id`) REFERENCES `modules` (`id`) ON DELETE CASCADE ON UPDATE CASCADE,
  ADD CONSTRAINT `module_voeux_ibfk_312` FOREIGN KEY (`module_id`) REFERENCES `modules` (`id`) ON DELETE CASCADE ON UPDATE CASCADE,
  ADD CONSTRAINT `module_voeux_ibfk_314` FOREIGN KEY (`module_id`) REFERENCES `modules` (`id`) ON DELETE CASCADE ON UPDATE CASCADE,
  ADD CONSTRAINT `module_voeux_ibfk_316` FOREIGN KEY (`module_id`) REFERENCES `modules` (`id`) ON DELETE CASCADE ON UPDATE CASCADE,
  ADD CONSTRAINT `module_voeux_ibfk_318` FOREIGN KEY (`module_id`) REFERENCES `modules` (`id`) ON DELETE CASCADE ON UPDATE CASCADE,
  ADD CONSTRAINT `module_voeux_ibfk_32` FOREIGN KEY (`module_id`) REFERENCES `modules` (`id`) ON DELETE CASCADE ON UPDATE CASCADE,
  ADD CONSTRAINT `module_voeux_ibfk_320` FOREIGN KEY (`module_id`) REFERENCES `modules` (`id`) ON DELETE CASCADE ON UPDATE CASCADE,
  ADD CONSTRAINT `module_voeux_ibfk_322` FOREIGN KEY (`module_id`) REFERENCES `modules` (`id`) ON DELETE CASCADE ON UPDATE CASCADE,
  ADD CONSTRAINT `module_voeux_ibfk_324` FOREIGN KEY (`module_id`) REFERENCES `modules` (`id`) ON DELETE CASCADE ON UPDATE CASCADE,
  ADD CONSTRAINT `module_voeux_ibfk_326` FOREIGN KEY (`module_id`) REFERENCES `modules` (`id`) ON DELETE CASCADE ON UPDATE CASCADE,
  ADD CONSTRAINT `module_voeux_ibfk_328` FOREIGN KEY (`module_id`) REFERENCES `modules` (`id`) ON DELETE CASCADE ON UPDATE CASCADE,
  ADD CONSTRAINT `module_voeux_ibfk_330` FOREIGN KEY (`module_id`) REFERENCES `modules` (`id`) ON DELETE CASCADE ON UPDATE CASCADE,
  ADD CONSTRAINT `module_voeux_ibfk_332` FOREIGN KEY (`module_id`) REFERENCES `modules` (`id`) ON DELETE CASCADE ON UPDATE CASCADE,
  ADD CONSTRAINT `module_voeux_ibfk_334` FOREIGN KEY (`module_id`) REFERENCES `modules` (`id`) ON DELETE CASCADE ON UPDATE CASCADE,
  ADD CONSTRAINT `module_voeux_ibfk_336` FOREIGN KEY (`module_id`) REFERENCES `modules` (`id`) ON DELETE CASCADE ON UPDATE CASCADE,
  ADD CONSTRAINT `module_voeux_ibfk_338` FOREIGN KEY (`module_id`) REFERENCES `modules` (`id`) ON DELETE CASCADE ON UPDATE CASCADE,
  ADD CONSTRAINT `module_voeux_ibfk_34` FOREIGN KEY (`module_id`) REFERENCES `modules` (`id`) ON DELETE CASCADE ON UPDATE CASCADE,
  ADD CONSTRAINT `module_voeux_ibfk_340` FOREIGN KEY (`module_id`) REFERENCES `modules` (`id`) ON DELETE CASCADE ON UPDATE CASCADE,
  ADD CONSTRAINT `module_voeux_ibfk_342` FOREIGN KEY (`module_id`) REFERENCES `modules` (`id`) ON DELETE CASCADE ON UPDATE CASCADE,
  ADD CONSTRAINT `module_voeux_ibfk_344` FOREIGN KEY (`module_id`) REFERENCES `modules` (`id`) ON DELETE CASCADE ON UPDATE CASCADE,
  ADD CONSTRAINT `module_voeux_ibfk_346` FOREIGN KEY (`module_id`) REFERENCES `modules` (`id`) ON DELETE CASCADE ON UPDATE CASCADE,
  ADD CONSTRAINT `module_voeux_ibfk_348` FOREIGN KEY (`module_id`) REFERENCES `modules` (`id`) ON DELETE CASCADE ON UPDATE CASCADE,
  ADD CONSTRAINT `module_voeux_ibfk_350` FOREIGN KEY (`module_id`) REFERENCES `modules` (`id`) ON DELETE CASCADE ON UPDATE CASCADE,
  ADD CONSTRAINT `module_voeux_ibfk_352` FOREIGN KEY (`module_id`) REFERENCES `modules` (`id`) ON DELETE CASCADE ON UPDATE CASCADE,
  ADD CONSTRAINT `module_voeux_ibfk_354` FOREIGN KEY (`module_id`) REFERENCES `modules` (`id`) ON DELETE CASCADE ON UPDATE CASCADE,
  ADD CONSTRAINT `module_voeux_ibfk_356` FOREIGN KEY (`module_id`) REFERENCES `modules` (`id`) ON DELETE CASCADE ON UPDATE CASCADE,
  ADD CONSTRAINT `module_voeux_ibfk_358` FOREIGN KEY (`module_id`) REFERENCES `modules` (`id`) ON DELETE CASCADE ON UPDATE CASCADE,
  ADD CONSTRAINT `module_voeux_ibfk_36` FOREIGN KEY (`module_id`) REFERENCES `modules` (`id`) ON DELETE CASCADE ON UPDATE CASCADE,
  ADD CONSTRAINT `module_voeux_ibfk_360` FOREIGN KEY (`module_id`) REFERENCES `modules` (`id`) ON DELETE CASCADE ON UPDATE CASCADE,
  ADD CONSTRAINT `module_voeux_ibfk_362` FOREIGN KEY (`module_id`) REFERENCES `modules` (`id`) ON DELETE CASCADE ON UPDATE CASCADE,
  ADD CONSTRAINT `module_voeux_ibfk_364` FOREIGN KEY (`module_id`) REFERENCES `modules` (`id`) ON DELETE CASCADE ON UPDATE CASCADE,
  ADD CONSTRAINT `module_voeux_ibfk_366` FOREIGN KEY (`module_id`) REFERENCES `modules` (`id`) ON DELETE CASCADE ON UPDATE CASCADE,
  ADD CONSTRAINT `module_voeux_ibfk_368` FOREIGN KEY (`module_id`) REFERENCES `modules` (`id`) ON DELETE CASCADE ON UPDATE CASCADE,
  ADD CONSTRAINT `module_voeux_ibfk_370` FOREIGN KEY (`module_id`) REFERENCES `modules` (`id`) ON DELETE CASCADE ON UPDATE CASCADE,
  ADD CONSTRAINT `module_voeux_ibfk_372` FOREIGN KEY (`module_id`) REFERENCES `modules` (`id`) ON DELETE CASCADE ON UPDATE CASCADE,
  ADD CONSTRAINT `module_voeux_ibfk_374` FOREIGN KEY (`module_id`) REFERENCES `modules` (`id`) ON DELETE CASCADE ON UPDATE CASCADE,
  ADD CONSTRAINT `module_voeux_ibfk_376` FOREIGN KEY (`module_id`) REFERENCES `modules` (`id`) ON DELETE CASCADE ON UPDATE CASCADE,
  ADD CONSTRAINT `module_voeux_ibfk_378` FOREIGN KEY (`module_id`) REFERENCES `modules` (`id`) ON DELETE CASCADE ON UPDATE CASCADE,
  ADD CONSTRAINT `module_voeux_ibfk_38` FOREIGN KEY (`module_id`) REFERENCES `modules` (`id`) ON DELETE CASCADE ON UPDATE CASCADE,
  ADD CONSTRAINT `module_voeux_ibfk_380` FOREIGN KEY (`module_id`) REFERENCES `modules` (`id`) ON DELETE CASCADE ON UPDATE CASCADE,
  ADD CONSTRAINT `module_voeux_ibfk_382` FOREIGN KEY (`module_id`) REFERENCES `modules` (`id`) ON DELETE CASCADE ON UPDATE CASCADE,
  ADD CONSTRAINT `module_voeux_ibfk_384` FOREIGN KEY (`module_id`) REFERENCES `modules` (`id`) ON DELETE CASCADE ON UPDATE CASCADE,
  ADD CONSTRAINT `module_voeux_ibfk_386` FOREIGN KEY (`module_id`) REFERENCES `modules` (`id`) ON DELETE CASCADE ON UPDATE CASCADE,
  ADD CONSTRAINT `module_voeux_ibfk_388` FOREIGN KEY (`module_id`) REFERENCES `modules` (`id`) ON DELETE CASCADE ON UPDATE CASCADE,
  ADD CONSTRAINT `module_voeux_ibfk_390` FOREIGN KEY (`module_id`) REFERENCES `modules` (`id`) ON DELETE CASCADE ON UPDATE CASCADE,
  ADD CONSTRAINT `module_voeux_ibfk_392` FOREIGN KEY (`module_id`) REFERENCES `modules` (`id`) ON DELETE CASCADE ON UPDATE CASCADE,
  ADD CONSTRAINT `module_voeux_ibfk_394` FOREIGN KEY (`module_id`) REFERENCES `modules` (`id`) ON DELETE CASCADE ON UPDATE CASCADE,
  ADD CONSTRAINT `module_voeux_ibfk_396` FOREIGN KEY (`module_id`) REFERENCES `modules` (`id`) ON DELETE CASCADE ON UPDATE CASCADE,
  ADD CONSTRAINT `module_voeux_ibfk_398` FOREIGN KEY (`module_id`) REFERENCES `modules` (`id`) ON DELETE CASCADE ON UPDATE CASCADE,
  ADD CONSTRAINT `module_voeux_ibfk_4` FOREIGN KEY (`module_id`) REFERENCES `modules` (`id`) ON DELETE CASCADE ON UPDATE CASCADE,
  ADD CONSTRAINT `module_voeux_ibfk_40` FOREIGN KEY (`module_id`) REFERENCES `modules` (`id`) ON DELETE CASCADE ON UPDATE CASCADE,
  ADD CONSTRAINT `module_voeux_ibfk_400` FOREIGN KEY (`module_id`) REFERENCES `modules` (`id`) ON DELETE CASCADE ON UPDATE CASCADE,
  ADD CONSTRAINT `module_voeux_ibfk_402` FOREIGN KEY (`module_id`) REFERENCES `modules` (`id`) ON DELETE CASCADE ON UPDATE CASCADE,
  ADD CONSTRAINT `module_voeux_ibfk_404` FOREIGN KEY (`module_id`) REFERENCES `modules` (`id`) ON DELETE CASCADE ON UPDATE CASCADE,
  ADD CONSTRAINT `module_voeux_ibfk_406` FOREIGN KEY (`module_id`) REFERENCES `modules` (`id`) ON DELETE CASCADE ON UPDATE CASCADE,
  ADD CONSTRAINT `module_voeux_ibfk_408` FOREIGN KEY (`module_id`) REFERENCES `modules` (`id`) ON DELETE CASCADE ON UPDATE CASCADE,
  ADD CONSTRAINT `module_voeux_ibfk_410` FOREIGN KEY (`module_id`) REFERENCES `modules` (`id`) ON DELETE CASCADE ON UPDATE CASCADE,
  ADD CONSTRAINT `module_voeux_ibfk_412` FOREIGN KEY (`module_id`) REFERENCES `modules` (`id`) ON DELETE CASCADE ON UPDATE CASCADE,
  ADD CONSTRAINT `module_voeux_ibfk_414` FOREIGN KEY (`module_id`) REFERENCES `modules` (`id`) ON DELETE CASCADE ON UPDATE CASCADE,
  ADD CONSTRAINT `module_voeux_ibfk_416` FOREIGN KEY (`module_id`) REFERENCES `modules` (`id`) ON DELETE CASCADE ON UPDATE CASCADE,
  ADD CONSTRAINT `module_voeux_ibfk_418` FOREIGN KEY (`module_id`) REFERENCES `modules` (`id`) ON DELETE CASCADE ON UPDATE CASCADE,
  ADD CONSTRAINT `module_voeux_ibfk_42` FOREIGN KEY (`module_id`) REFERENCES `modules` (`id`) ON DELETE CASCADE ON UPDATE CASCADE,
  ADD CONSTRAINT `module_voeux_ibfk_420` FOREIGN KEY (`module_id`) REFERENCES `modules` (`id`) ON DELETE CASCADE ON UPDATE CASCADE,
  ADD CONSTRAINT `module_voeux_ibfk_422` FOREIGN KEY (`module_id`) REFERENCES `modules` (`id`) ON DELETE CASCADE ON UPDATE CASCADE,
  ADD CONSTRAINT `module_voeux_ibfk_424` FOREIGN KEY (`module_id`) REFERENCES `modules` (`id`) ON DELETE CASCADE ON UPDATE CASCADE,
  ADD CONSTRAINT `module_voeux_ibfk_426` FOREIGN KEY (`module_id`) REFERENCES `modules` (`id`) ON DELETE CASCADE ON UPDATE CASCADE,
  ADD CONSTRAINT `module_voeux_ibfk_428` FOREIGN KEY (`module_id`) REFERENCES `modules` (`id`) ON DELETE CASCADE ON UPDATE CASCADE,
  ADD CONSTRAINT `module_voeux_ibfk_430` FOREIGN KEY (`module_id`) REFERENCES `modules` (`id`) ON DELETE CASCADE ON UPDATE CASCADE,
  ADD CONSTRAINT `module_voeux_ibfk_432` FOREIGN KEY (`module_id`) REFERENCES `modules` (`id`) ON DELETE CASCADE ON UPDATE CASCADE,
  ADD CONSTRAINT `module_voeux_ibfk_434` FOREIGN KEY (`module_id`) REFERENCES `modules` (`id`) ON DELETE CASCADE ON UPDATE CASCADE,
  ADD CONSTRAINT `module_voeux_ibfk_436` FOREIGN KEY (`module_id`) REFERENCES `modules` (`id`) ON DELETE CASCADE ON UPDATE CASCADE,
  ADD CONSTRAINT `module_voeux_ibfk_438` FOREIGN KEY (`module_id`) REFERENCES `modules` (`id`) ON DELETE CASCADE ON UPDATE CASCADE,
  ADD CONSTRAINT `module_voeux_ibfk_44` FOREIGN KEY (`module_id`) REFERENCES `modules` (`id`) ON DELETE CASCADE ON UPDATE CASCADE,
  ADD CONSTRAINT `module_voeux_ibfk_440` FOREIGN KEY (`module_id`) REFERENCES `modules` (`id`) ON DELETE CASCADE ON UPDATE CASCADE,
  ADD CONSTRAINT `module_voeux_ibfk_442` FOREIGN KEY (`module_id`) REFERENCES `modules` (`id`) ON DELETE CASCADE ON UPDATE CASCADE,
  ADD CONSTRAINT `module_voeux_ibfk_444` FOREIGN KEY (`module_id`) REFERENCES `modules` (`id`) ON DELETE CASCADE ON UPDATE CASCADE,
  ADD CONSTRAINT `module_voeux_ibfk_446` FOREIGN KEY (`module_id`) REFERENCES `modules` (`id`) ON DELETE CASCADE ON UPDATE CASCADE,
  ADD CONSTRAINT `module_voeux_ibfk_448` FOREIGN KEY (`module_id`) REFERENCES `modules` (`id`) ON DELETE CASCADE ON UPDATE CASCADE,
  ADD CONSTRAINT `module_voeux_ibfk_450` FOREIGN KEY (`module_id`) REFERENCES `modules` (`id`) ON DELETE CASCADE ON UPDATE CASCADE,
  ADD CONSTRAINT `module_voeux_ibfk_452` FOREIGN KEY (`module_id`) REFERENCES `modules` (`id`) ON DELETE CASCADE ON UPDATE CASCADE,
  ADD CONSTRAINT `module_voeux_ibfk_454` FOREIGN KEY (`module_id`) REFERENCES `modules` (`id`) ON DELETE CASCADE ON UPDATE CASCADE,
  ADD CONSTRAINT `module_voeux_ibfk_456` FOREIGN KEY (`module_id`) REFERENCES `modules` (`id`) ON DELETE CASCADE ON UPDATE CASCADE,
  ADD CONSTRAINT `module_voeux_ibfk_458` FOREIGN KEY (`module_id`) REFERENCES `modules` (`id`) ON DELETE CASCADE ON UPDATE CASCADE,
  ADD CONSTRAINT `module_voeux_ibfk_46` FOREIGN KEY (`module_id`) REFERENCES `modules` (`id`) ON DELETE CASCADE ON UPDATE CASCADE,
  ADD CONSTRAINT `module_voeux_ibfk_460` FOREIGN KEY (`module_id`) REFERENCES `modules` (`id`) ON DELETE CASCADE ON UPDATE CASCADE,
  ADD CONSTRAINT `module_voeux_ibfk_462` FOREIGN KEY (`module_id`) REFERENCES `modules` (`id`) ON DELETE CASCADE ON UPDATE CASCADE,
  ADD CONSTRAINT `module_voeux_ibfk_464` FOREIGN KEY (`module_id`) REFERENCES `modules` (`id`) ON DELETE CASCADE ON UPDATE CASCADE,
  ADD CONSTRAINT `module_voeux_ibfk_466` FOREIGN KEY (`module_id`) REFERENCES `modules` (`id`) ON DELETE CASCADE ON UPDATE CASCADE,
  ADD CONSTRAINT `module_voeux_ibfk_468` FOREIGN KEY (`module_id`) REFERENCES `modules` (`id`) ON DELETE CASCADE ON UPDATE CASCADE,
  ADD CONSTRAINT `module_voeux_ibfk_470` FOREIGN KEY (`module_id`) REFERENCES `modules` (`id`) ON DELETE CASCADE ON UPDATE CASCADE,
  ADD CONSTRAINT `module_voeux_ibfk_472` FOREIGN KEY (`module_id`) REFERENCES `modules` (`id`) ON DELETE CASCADE ON UPDATE CASCADE,
  ADD CONSTRAINT `module_voeux_ibfk_474` FOREIGN KEY (`module_id`) REFERENCES `modules` (`id`) ON DELETE CASCADE ON UPDATE CASCADE,
  ADD CONSTRAINT `module_voeux_ibfk_476` FOREIGN KEY (`module_id`) REFERENCES `modules` (`id`) ON DELETE CASCADE ON UPDATE CASCADE,
  ADD CONSTRAINT `module_voeux_ibfk_478` FOREIGN KEY (`module_id`) REFERENCES `modules` (`id`) ON DELETE CASCADE ON UPDATE CASCADE,
  ADD CONSTRAINT `module_voeux_ibfk_48` FOREIGN KEY (`module_id`) REFERENCES `modules` (`id`) ON DELETE CASCADE ON UPDATE CASCADE,
  ADD CONSTRAINT `module_voeux_ibfk_480` FOREIGN KEY (`module_id`) REFERENCES `modules` (`id`) ON DELETE CASCADE ON UPDATE CASCADE,
  ADD CONSTRAINT `module_voeux_ibfk_482` FOREIGN KEY (`module_id`) REFERENCES `modules` (`id`) ON DELETE CASCADE ON UPDATE CASCADE,
  ADD CONSTRAINT `module_voeux_ibfk_484` FOREIGN KEY (`module_id`) REFERENCES `modules` (`id`) ON DELETE CASCADE ON UPDATE CASCADE,
  ADD CONSTRAINT `module_voeux_ibfk_486` FOREIGN KEY (`module_id`) REFERENCES `modules` (`id`) ON DELETE CASCADE ON UPDATE CASCADE,
  ADD CONSTRAINT `module_voeux_ibfk_488` FOREIGN KEY (`module_id`) REFERENCES `modules` (`id`) ON DELETE CASCADE ON UPDATE CASCADE,
  ADD CONSTRAINT `module_voeux_ibfk_490` FOREIGN KEY (`module_id`) REFERENCES `modules` (`id`) ON DELETE CASCADE ON UPDATE CASCADE,
  ADD CONSTRAINT `module_voeux_ibfk_492` FOREIGN KEY (`module_id`) REFERENCES `modules` (`id`) ON DELETE CASCADE ON UPDATE CASCADE,
  ADD CONSTRAINT `module_voeux_ibfk_494` FOREIGN KEY (`module_id`) REFERENCES `modules` (`id`) ON DELETE CASCADE ON UPDATE CASCADE,
  ADD CONSTRAINT `module_voeux_ibfk_496` FOREIGN KEY (`module_id`) REFERENCES `modules` (`id`) ON DELETE CASCADE ON UPDATE CASCADE,
  ADD CONSTRAINT `module_voeux_ibfk_498` FOREIGN KEY (`module_id`) REFERENCES `modules` (`id`) ON DELETE CASCADE ON UPDATE CASCADE,
  ADD CONSTRAINT `module_voeux_ibfk_50` FOREIGN KEY (`module_id`) REFERENCES `modules` (`id`) ON DELETE CASCADE ON UPDATE CASCADE,
  ADD CONSTRAINT `module_voeux_ibfk_500` FOREIGN KEY (`module_id`) REFERENCES `modules` (`id`) ON DELETE CASCADE ON UPDATE CASCADE,
  ADD CONSTRAINT `module_voeux_ibfk_502` FOREIGN KEY (`module_id`) REFERENCES `modules` (`id`) ON DELETE CASCADE ON UPDATE CASCADE,
  ADD CONSTRAINT `module_voeux_ibfk_504` FOREIGN KEY (`module_id`) REFERENCES `modules` (`id`) ON DELETE CASCADE ON UPDATE CASCADE,
  ADD CONSTRAINT `module_voeux_ibfk_506` FOREIGN KEY (`module_id`) REFERENCES `modules` (`id`) ON DELETE CASCADE ON UPDATE CASCADE,
  ADD CONSTRAINT `module_voeux_ibfk_508` FOREIGN KEY (`module_id`) REFERENCES `modules` (`id`) ON DELETE CASCADE ON UPDATE CASCADE,
  ADD CONSTRAINT `module_voeux_ibfk_510` FOREIGN KEY (`module_id`) REFERENCES `modules` (`id`) ON DELETE CASCADE ON UPDATE CASCADE,
  ADD CONSTRAINT `module_voeux_ibfk_512` FOREIGN KEY (`module_id`) REFERENCES `modules` (`id`) ON DELETE CASCADE ON UPDATE CASCADE,
  ADD CONSTRAINT `module_voeux_ibfk_514` FOREIGN KEY (`module_id`) REFERENCES `modules` (`id`) ON DELETE CASCADE ON UPDATE CASCADE,
  ADD CONSTRAINT `module_voeux_ibfk_516` FOREIGN KEY (`module_id`) REFERENCES `modules` (`id`) ON DELETE CASCADE ON UPDATE CASCADE,
  ADD CONSTRAINT `module_voeux_ibfk_518` FOREIGN KEY (`module_id`) REFERENCES `modules` (`id`) ON DELETE CASCADE ON UPDATE CASCADE,
  ADD CONSTRAINT `module_voeux_ibfk_52` FOREIGN KEY (`module_id`) REFERENCES `modules` (`id`) ON DELETE CASCADE ON UPDATE CASCADE,
  ADD CONSTRAINT `module_voeux_ibfk_520` FOREIGN KEY (`module_id`) REFERENCES `modules` (`id`) ON DELETE CASCADE ON UPDATE CASCADE,
  ADD CONSTRAINT `module_voeux_ibfk_522` FOREIGN KEY (`module_id`) REFERENCES `modules` (`id`) ON DELETE CASCADE ON UPDATE CASCADE,
  ADD CONSTRAINT `module_voeux_ibfk_524` FOREIGN KEY (`module_id`) REFERENCES `modules` (`id`) ON DELETE CASCADE ON UPDATE CASCADE,
  ADD CONSTRAINT `module_voeux_ibfk_526` FOREIGN KEY (`module_id`) REFERENCES `modules` (`id`) ON DELETE CASCADE ON UPDATE CASCADE,
  ADD CONSTRAINT `module_voeux_ibfk_528` FOREIGN KEY (`module_id`) REFERENCES `modules` (`id`) ON DELETE CASCADE ON UPDATE CASCADE,
  ADD CONSTRAINT `module_voeux_ibfk_530` FOREIGN KEY (`module_id`) REFERENCES `modules` (`id`) ON DELETE CASCADE ON UPDATE CASCADE,
  ADD CONSTRAINT `module_voeux_ibfk_532` FOREIGN KEY (`module_id`) REFERENCES `modules` (`id`) ON DELETE CASCADE ON UPDATE CASCADE,
  ADD CONSTRAINT `module_voeux_ibfk_534` FOREIGN KEY (`module_id`) REFERENCES `modules` (`id`) ON DELETE CASCADE ON UPDATE CASCADE,
  ADD CONSTRAINT `module_voeux_ibfk_536` FOREIGN KEY (`module_id`) REFERENCES `modules` (`id`) ON DELETE CASCADE ON UPDATE CASCADE,
  ADD CONSTRAINT `module_voeux_ibfk_538` FOREIGN KEY (`module_id`) REFERENCES `modules` (`id`) ON DELETE CASCADE ON UPDATE CASCADE,
  ADD CONSTRAINT `module_voeux_ibfk_54` FOREIGN KEY (`module_id`) REFERENCES `modules` (`id`) ON DELETE CASCADE ON UPDATE CASCADE,
  ADD CONSTRAINT `module_voeux_ibfk_540` FOREIGN KEY (`module_id`) REFERENCES `modules` (`id`) ON DELETE CASCADE ON UPDATE CASCADE,
  ADD CONSTRAINT `module_voeux_ibfk_542` FOREIGN KEY (`module_id`) REFERENCES `modules` (`id`) ON DELETE CASCADE ON UPDATE CASCADE,
  ADD CONSTRAINT `module_voeux_ibfk_544` FOREIGN KEY (`module_id`) REFERENCES `modules` (`id`) ON DELETE CASCADE ON UPDATE CASCADE,
  ADD CONSTRAINT `module_voeux_ibfk_546` FOREIGN KEY (`module_id`) REFERENCES `modules` (`id`) ON DELETE CASCADE ON UPDATE CASCADE,
  ADD CONSTRAINT `module_voeux_ibfk_548` FOREIGN KEY (`module_id`) REFERENCES `modules` (`id`) ON DELETE CASCADE ON UPDATE CASCADE,
  ADD CONSTRAINT `module_voeux_ibfk_550` FOREIGN KEY (`module_id`) REFERENCES `modules` (`id`) ON DELETE CASCADE ON UPDATE CASCADE,
  ADD CONSTRAINT `module_voeux_ibfk_552` FOREIGN KEY (`module_id`) REFERENCES `modules` (`id`) ON DELETE CASCADE ON UPDATE CASCADE,
  ADD CONSTRAINT `module_voeux_ibfk_554` FOREIGN KEY (`module_id`) REFERENCES `modules` (`id`) ON DELETE NO ACTION ON UPDATE CASCADE,
  ADD CONSTRAINT `module_voeux_ibfk_556` FOREIGN KEY (`module_id`) REFERENCES `modules` (`id`) ON DELETE NO ACTION ON UPDATE CASCADE,
  ADD CONSTRAINT `module_voeux_ibfk_558` FOREIGN KEY (`module_id`) REFERENCES `modules` (`id`) ON DELETE NO ACTION ON UPDATE CASCADE,
  ADD CONSTRAINT `module_voeux_ibfk_56` FOREIGN KEY (`module_id`) REFERENCES `modules` (`id`) ON DELETE CASCADE ON UPDATE CASCADE,
  ADD CONSTRAINT `module_voeux_ibfk_560` FOREIGN KEY (`module_id`) REFERENCES `modules` (`id`) ON DELETE NO ACTION ON UPDATE CASCADE,
  ADD CONSTRAINT `module_voeux_ibfk_562` FOREIGN KEY (`module_id`) REFERENCES `modules` (`id`) ON DELETE NO ACTION ON UPDATE CASCADE,
  ADD CONSTRAINT `module_voeux_ibfk_564` FOREIGN KEY (`module_id`) REFERENCES `modules` (`id`) ON DELETE NO ACTION ON UPDATE CASCADE,
  ADD CONSTRAINT `module_voeux_ibfk_566` FOREIGN KEY (`module_id`) REFERENCES `modules` (`id`) ON DELETE NO ACTION ON UPDATE CASCADE,
  ADD CONSTRAINT `module_voeux_ibfk_568` FOREIGN KEY (`module_id`) REFERENCES `modules` (`id`) ON DELETE NO ACTION ON UPDATE CASCADE,
  ADD CONSTRAINT `module_voeux_ibfk_570` FOREIGN KEY (`module_id`) REFERENCES `modules` (`id`) ON DELETE NO ACTION ON UPDATE CASCADE,
  ADD CONSTRAINT `module_voeux_ibfk_572` FOREIGN KEY (`module_id`) REFERENCES `modules` (`id`) ON DELETE NO ACTION ON UPDATE CASCADE,
  ADD CONSTRAINT `module_voeux_ibfk_574` FOREIGN KEY (`module_id`) REFERENCES `modules` (`id`) ON DELETE NO ACTION ON UPDATE CASCADE,
  ADD CONSTRAINT `module_voeux_ibfk_576` FOREIGN KEY (`module_id`) REFERENCES `modules` (`id`) ON DELETE NO ACTION ON UPDATE CASCADE,
  ADD CONSTRAINT `module_voeux_ibfk_578` FOREIGN KEY (`module_id`) REFERENCES `modules` (`id`) ON DELETE NO ACTION ON UPDATE CASCADE,
  ADD CONSTRAINT `module_voeux_ibfk_58` FOREIGN KEY (`module_id`) REFERENCES `modules` (`id`) ON DELETE CASCADE ON UPDATE CASCADE,
  ADD CONSTRAINT `module_voeux_ibfk_580` FOREIGN KEY (`module_id`) REFERENCES `modules` (`id`) ON DELETE NO ACTION ON UPDATE CASCADE,
  ADD CONSTRAINT `module_voeux_ibfk_582` FOREIGN KEY (`module_id`) REFERENCES `modules` (`id`) ON DELETE NO ACTION ON UPDATE CASCADE,
  ADD CONSTRAINT `module_voeux_ibfk_584` FOREIGN KEY (`module_id`) REFERENCES `modules` (`id`) ON DELETE NO ACTION ON UPDATE CASCADE,
  ADD CONSTRAINT `module_voeux_ibfk_586` FOREIGN KEY (`module_id`) REFERENCES `modules` (`id`) ON DELETE NO ACTION ON UPDATE CASCADE,
  ADD CONSTRAINT `module_voeux_ibfk_588` FOREIGN KEY (`module_id`) REFERENCES `modules` (`id`) ON DELETE NO ACTION ON UPDATE CASCADE,
  ADD CONSTRAINT `module_voeux_ibfk_590` FOREIGN KEY (`module_id`) REFERENCES `modules` (`id`) ON DELETE NO ACTION ON UPDATE CASCADE,
  ADD CONSTRAINT `module_voeux_ibfk_592` FOREIGN KEY (`module_id`) REFERENCES `modules` (`id`) ON DELETE NO ACTION ON UPDATE CASCADE,
  ADD CONSTRAINT `module_voeux_ibfk_594` FOREIGN KEY (`module_id`) REFERENCES `modules` (`id`) ON DELETE NO ACTION ON UPDATE CASCADE,
  ADD CONSTRAINT `module_voeux_ibfk_596` FOREIGN KEY (`module_id`) REFERENCES `modules` (`id`) ON DELETE NO ACTION ON UPDATE CASCADE,
  ADD CONSTRAINT `module_voeux_ibfk_598` FOREIGN KEY (`module_id`) REFERENCES `modules` (`id`) ON DELETE NO ACTION ON UPDATE CASCADE,
  ADD CONSTRAINT `module_voeux_ibfk_6` FOREIGN KEY (`module_id`) REFERENCES `modules` (`id`) ON DELETE CASCADE ON UPDATE CASCADE,
  ADD CONSTRAINT `module_voeux_ibfk_60` FOREIGN KEY (`module_id`) REFERENCES `modules` (`id`) ON DELETE CASCADE ON UPDATE CASCADE,
  ADD CONSTRAINT `module_voeux_ibfk_600` FOREIGN KEY (`module_id`) REFERENCES `modules` (`id`) ON DELETE NO ACTION ON UPDATE CASCADE,
  ADD CONSTRAINT `module_voeux_ibfk_602` FOREIGN KEY (`module_id`) REFERENCES `modules` (`id`) ON DELETE NO ACTION ON UPDATE CASCADE,
  ADD CONSTRAINT `module_voeux_ibfk_604` FOREIGN KEY (`module_id`) REFERENCES `modules` (`id`) ON DELETE NO ACTION ON UPDATE CASCADE,
  ADD CONSTRAINT `module_voeux_ibfk_606` FOREIGN KEY (`module_id`) REFERENCES `modules` (`id`) ON DELETE NO ACTION ON UPDATE CASCADE,
  ADD CONSTRAINT `module_voeux_ibfk_608` FOREIGN KEY (`module_id`) REFERENCES `modules` (`id`) ON DELETE NO ACTION ON UPDATE CASCADE,
  ADD CONSTRAINT `module_voeux_ibfk_610` FOREIGN KEY (`module_id`) REFERENCES `modules` (`id`) ON DELETE NO ACTION ON UPDATE CASCADE,
  ADD CONSTRAINT `module_voeux_ibfk_612` FOREIGN KEY (`module_id`) REFERENCES `modules` (`id`) ON DELETE NO ACTION ON UPDATE CASCADE,
  ADD CONSTRAINT `module_voeux_ibfk_614` FOREIGN KEY (`module_id`) REFERENCES `modules` (`id`) ON DELETE NO ACTION ON UPDATE CASCADE,
  ADD CONSTRAINT `module_voeux_ibfk_616` FOREIGN KEY (`module_id`) REFERENCES `modules` (`id`) ON DELETE NO ACTION ON UPDATE CASCADE,
  ADD CONSTRAINT `module_voeux_ibfk_618` FOREIGN KEY (`module_id`) REFERENCES `modules` (`id`) ON DELETE NO ACTION ON UPDATE CASCADE,
  ADD CONSTRAINT `module_voeux_ibfk_62` FOREIGN KEY (`module_id`) REFERENCES `modules` (`id`) ON DELETE CASCADE ON UPDATE CASCADE,
  ADD CONSTRAINT `module_voeux_ibfk_620` FOREIGN KEY (`module_id`) REFERENCES `modules` (`id`) ON DELETE NO ACTION ON UPDATE CASCADE,
  ADD CONSTRAINT `module_voeux_ibfk_622` FOREIGN KEY (`module_id`) REFERENCES `modules` (`id`) ON DELETE NO ACTION ON UPDATE CASCADE,
  ADD CONSTRAINT `module_voeux_ibfk_624` FOREIGN KEY (`module_id`) REFERENCES `modules` (`id`) ON DELETE NO ACTION ON UPDATE CASCADE,
  ADD CONSTRAINT `module_voeux_ibfk_626` FOREIGN KEY (`module_id`) REFERENCES `modules` (`id`) ON DELETE NO ACTION ON UPDATE CASCADE,
  ADD CONSTRAINT `module_voeux_ibfk_628` FOREIGN KEY (`module_id`) REFERENCES `modules` (`id`) ON DELETE NO ACTION ON UPDATE CASCADE,
  ADD CONSTRAINT `module_voeux_ibfk_630` FOREIGN KEY (`module_id`) REFERENCES `modules` (`id`) ON DELETE NO ACTION ON UPDATE CASCADE,
  ADD CONSTRAINT `module_voeux_ibfk_632` FOREIGN KEY (`module_id`) REFERENCES `modules` (`id`) ON DELETE NO ACTION ON UPDATE CASCADE,
  ADD CONSTRAINT `module_voeux_ibfk_634` FOREIGN KEY (`module_id`) REFERENCES `modules` (`id`) ON DELETE NO ACTION ON UPDATE CASCADE,
  ADD CONSTRAINT `module_voeux_ibfk_636` FOREIGN KEY (`module_id`) REFERENCES `modules` (`id`) ON DELETE NO ACTION ON UPDATE CASCADE,
  ADD CONSTRAINT `module_voeux_ibfk_638` FOREIGN KEY (`module_id`) REFERENCES `modules` (`id`) ON DELETE NO ACTION ON UPDATE CASCADE,
  ADD CONSTRAINT `module_voeux_ibfk_64` FOREIGN KEY (`module_id`) REFERENCES `modules` (`id`) ON DELETE CASCADE ON UPDATE CASCADE,
  ADD CONSTRAINT `module_voeux_ibfk_640` FOREIGN KEY (`module_id`) REFERENCES `modules` (`id`) ON DELETE NO ACTION ON UPDATE CASCADE,
  ADD CONSTRAINT `module_voeux_ibfk_642` FOREIGN KEY (`module_id`) REFERENCES `modules` (`id`) ON DELETE NO ACTION ON UPDATE CASCADE,
  ADD CONSTRAINT `module_voeux_ibfk_644` FOREIGN KEY (`module_id`) REFERENCES `modules` (`id`) ON DELETE NO ACTION ON UPDATE CASCADE,
  ADD CONSTRAINT `module_voeux_ibfk_646` FOREIGN KEY (`module_id`) REFERENCES `modules` (`id`) ON DELETE NO ACTION ON UPDATE CASCADE,
  ADD CONSTRAINT `module_voeux_ibfk_648` FOREIGN KEY (`module_id`) REFERENCES `modules` (`id`) ON DELETE NO ACTION ON UPDATE CASCADE,
  ADD CONSTRAINT `module_voeux_ibfk_650` FOREIGN KEY (`module_id`) REFERENCES `modules` (`id`) ON DELETE NO ACTION ON UPDATE CASCADE,
  ADD CONSTRAINT `module_voeux_ibfk_652` FOREIGN KEY (`module_id`) REFERENCES `modules` (`id`) ON DELETE NO ACTION ON UPDATE CASCADE,
  ADD CONSTRAINT `module_voeux_ibfk_654` FOREIGN KEY (`module_id`) REFERENCES `modules` (`id`) ON DELETE NO ACTION ON UPDATE CASCADE,
  ADD CONSTRAINT `module_voeux_ibfk_656` FOREIGN KEY (`module_id`) REFERENCES `modules` (`id`) ON DELETE NO ACTION ON UPDATE CASCADE,
  ADD CONSTRAINT `module_voeux_ibfk_658` FOREIGN KEY (`module_id`) REFERENCES `modules` (`id`) ON DELETE NO ACTION ON UPDATE CASCADE,
  ADD CONSTRAINT `module_voeux_ibfk_66` FOREIGN KEY (`module_id`) REFERENCES `modules` (`id`) ON DELETE CASCADE ON UPDATE CASCADE,
  ADD CONSTRAINT `module_voeux_ibfk_660` FOREIGN KEY (`module_id`) REFERENCES `modules` (`id`) ON DELETE NO ACTION ON UPDATE CASCADE,
  ADD CONSTRAINT `module_voeux_ibfk_661` FOREIGN KEY (`voeu_id`) REFERENCES `voeux` (`id`) ON DELETE CASCADE ON UPDATE CASCADE,
  ADD CONSTRAINT `module_voeux_ibfk_662` FOREIGN KEY (`module_id`) REFERENCES `modules` (`id`) ON DELETE NO ACTION ON UPDATE CASCADE,
  ADD CONSTRAINT `module_voeux_ibfk_68` FOREIGN KEY (`module_id`) REFERENCES `modules` (`id`) ON DELETE CASCADE ON UPDATE CASCADE,
  ADD CONSTRAINT `module_voeux_ibfk_70` FOREIGN KEY (`module_id`) REFERENCES `modules` (`id`) ON DELETE CASCADE ON UPDATE CASCADE,
  ADD CONSTRAINT `module_voeux_ibfk_72` FOREIGN KEY (`module_id`) REFERENCES `modules` (`id`) ON DELETE CASCADE ON UPDATE CASCADE,
  ADD CONSTRAINT `module_voeux_ibfk_74` FOREIGN KEY (`module_id`) REFERENCES `modules` (`id`) ON DELETE CASCADE ON UPDATE CASCADE,
  ADD CONSTRAINT `module_voeux_ibfk_76` FOREIGN KEY (`module_id`) REFERENCES `modules` (`id`) ON DELETE CASCADE ON UPDATE CASCADE,
  ADD CONSTRAINT `module_voeux_ibfk_78` FOREIGN KEY (`module_id`) REFERENCES `modules` (`id`) ON DELETE CASCADE ON UPDATE CASCADE,
  ADD CONSTRAINT `module_voeux_ibfk_8` FOREIGN KEY (`module_id`) REFERENCES `modules` (`id`) ON DELETE CASCADE ON UPDATE CASCADE,
  ADD CONSTRAINT `module_voeux_ibfk_80` FOREIGN KEY (`module_id`) REFERENCES `modules` (`id`) ON DELETE CASCADE ON UPDATE CASCADE,
  ADD CONSTRAINT `module_voeux_ibfk_82` FOREIGN KEY (`module_id`) REFERENCES `modules` (`id`) ON DELETE CASCADE ON UPDATE CASCADE,
  ADD CONSTRAINT `module_voeux_ibfk_84` FOREIGN KEY (`module_id`) REFERENCES `modules` (`id`) ON DELETE CASCADE ON UPDATE CASCADE,
  ADD CONSTRAINT `module_voeux_ibfk_86` FOREIGN KEY (`module_id`) REFERENCES `modules` (`id`) ON DELETE CASCADE ON UPDATE CASCADE,
  ADD CONSTRAINT `module_voeux_ibfk_88` FOREIGN KEY (`module_id`) REFERENCES `modules` (`id`) ON DELETE CASCADE ON UPDATE CASCADE,
  ADD CONSTRAINT `module_voeux_ibfk_90` FOREIGN KEY (`module_id`) REFERENCES `modules` (`id`) ON DELETE CASCADE ON UPDATE CASCADE,
  ADD CONSTRAINT `module_voeux_ibfk_92` FOREIGN KEY (`module_id`) REFERENCES `modules` (`id`) ON DELETE CASCADE ON UPDATE CASCADE,
  ADD CONSTRAINT `module_voeux_ibfk_94` FOREIGN KEY (`module_id`) REFERENCES `modules` (`id`) ON DELETE CASCADE ON UPDATE CASCADE,
  ADD CONSTRAINT `module_voeux_ibfk_96` FOREIGN KEY (`module_id`) REFERENCES `modules` (`id`) ON DELETE CASCADE ON UPDATE CASCADE,
  ADD CONSTRAINT `module_voeux_ibfk_98` FOREIGN KEY (`module_id`) REFERENCES `modules` (`id`) ON DELETE CASCADE ON UPDATE CASCADE;

--
-- Contraintes pour la table `notifications`
--
ALTER TABLE `notifications`
  ADD CONSTRAINT `notifications_ibfk_1` FOREIGN KEY (`utilisateur_id`) REFERENCES `utilisateurs` (`id`) ON DELETE CASCADE;

--
-- Contraintes pour la table `voeux`
--
ALTER TABLE `voeux`
  ADD CONSTRAINT `voeux_ibfk_1` FOREIGN KEY (`utilisateur_id`) REFERENCES `enseignants` (`utilisateur_id`) ON DELETE CASCADE,
  ADD CONSTRAINT `voeux_ibfk_10` FOREIGN KEY (`utilisateur_id`) REFERENCES `enseignants` (`utilisateur_id`) ON DELETE CASCADE ON UPDATE CASCADE,
  ADD CONSTRAINT `voeux_ibfk_100` FOREIGN KEY (`utilisateur_id`) REFERENCES `enseignants` (`utilisateur_id`) ON DELETE CASCADE ON UPDATE CASCADE,
  ADD CONSTRAINT `voeux_ibfk_101` FOREIGN KEY (`utilisateur_id`) REFERENCES `enseignants` (`utilisateur_id`) ON DELETE CASCADE ON UPDATE CASCADE,
  ADD CONSTRAINT `voeux_ibfk_102` FOREIGN KEY (`utilisateur_id`) REFERENCES `enseignants` (`utilisateur_id`) ON DELETE CASCADE ON UPDATE CASCADE,
  ADD CONSTRAINT `voeux_ibfk_103` FOREIGN KEY (`utilisateur_id`) REFERENCES `enseignants` (`utilisateur_id`) ON DELETE CASCADE ON UPDATE CASCADE,
  ADD CONSTRAINT `voeux_ibfk_104` FOREIGN KEY (`utilisateur_id`) REFERENCES `enseignants` (`utilisateur_id`) ON DELETE CASCADE ON UPDATE CASCADE,
  ADD CONSTRAINT `voeux_ibfk_105` FOREIGN KEY (`utilisateur_id`) REFERENCES `enseignants` (`utilisateur_id`) ON DELETE CASCADE ON UPDATE CASCADE,
  ADD CONSTRAINT `voeux_ibfk_106` FOREIGN KEY (`utilisateur_id`) REFERENCES `enseignants` (`utilisateur_id`) ON DELETE CASCADE ON UPDATE CASCADE,
  ADD CONSTRAINT `voeux_ibfk_107` FOREIGN KEY (`utilisateur_id`) REFERENCES `enseignants` (`utilisateur_id`) ON DELETE CASCADE ON UPDATE CASCADE,
  ADD CONSTRAINT `voeux_ibfk_108` FOREIGN KEY (`utilisateur_id`) REFERENCES `enseignants` (`utilisateur_id`) ON DELETE CASCADE ON UPDATE CASCADE,
  ADD CONSTRAINT `voeux_ibfk_109` FOREIGN KEY (`utilisateur_id`) REFERENCES `enseignants` (`utilisateur_id`) ON DELETE CASCADE ON UPDATE CASCADE,
  ADD CONSTRAINT `voeux_ibfk_11` FOREIGN KEY (`utilisateur_id`) REFERENCES `enseignants` (`utilisateur_id`) ON DELETE CASCADE ON UPDATE CASCADE,
  ADD CONSTRAINT `voeux_ibfk_110` FOREIGN KEY (`utilisateur_id`) REFERENCES `enseignants` (`utilisateur_id`) ON DELETE CASCADE ON UPDATE CASCADE,
  ADD CONSTRAINT `voeux_ibfk_111` FOREIGN KEY (`utilisateur_id`) REFERENCES `enseignants` (`utilisateur_id`) ON DELETE CASCADE ON UPDATE CASCADE,
  ADD CONSTRAINT `voeux_ibfk_112` FOREIGN KEY (`utilisateur_id`) REFERENCES `enseignants` (`utilisateur_id`) ON DELETE CASCADE ON UPDATE CASCADE,
  ADD CONSTRAINT `voeux_ibfk_113` FOREIGN KEY (`utilisateur_id`) REFERENCES `enseignants` (`utilisateur_id`) ON DELETE CASCADE ON UPDATE CASCADE,
  ADD CONSTRAINT `voeux_ibfk_114` FOREIGN KEY (`utilisateur_id`) REFERENCES `enseignants` (`utilisateur_id`) ON DELETE CASCADE ON UPDATE CASCADE,
  ADD CONSTRAINT `voeux_ibfk_115` FOREIGN KEY (`utilisateur_id`) REFERENCES `enseignants` (`utilisateur_id`) ON DELETE CASCADE ON UPDATE CASCADE,
  ADD CONSTRAINT `voeux_ibfk_116` FOREIGN KEY (`utilisateur_id`) REFERENCES `enseignants` (`utilisateur_id`) ON DELETE CASCADE ON UPDATE CASCADE,
  ADD CONSTRAINT `voeux_ibfk_117` FOREIGN KEY (`utilisateur_id`) REFERENCES `enseignants` (`utilisateur_id`) ON DELETE CASCADE ON UPDATE CASCADE,
  ADD CONSTRAINT `voeux_ibfk_118` FOREIGN KEY (`utilisateur_id`) REFERENCES `enseignants` (`utilisateur_id`) ON DELETE CASCADE ON UPDATE CASCADE,
  ADD CONSTRAINT `voeux_ibfk_119` FOREIGN KEY (`utilisateur_id`) REFERENCES `enseignants` (`utilisateur_id`) ON DELETE CASCADE ON UPDATE CASCADE,
  ADD CONSTRAINT `voeux_ibfk_12` FOREIGN KEY (`utilisateur_id`) REFERENCES `enseignants` (`utilisateur_id`) ON DELETE CASCADE ON UPDATE CASCADE,
  ADD CONSTRAINT `voeux_ibfk_120` FOREIGN KEY (`utilisateur_id`) REFERENCES `enseignants` (`utilisateur_id`) ON DELETE CASCADE ON UPDATE CASCADE,
  ADD CONSTRAINT `voeux_ibfk_121` FOREIGN KEY (`utilisateur_id`) REFERENCES `enseignants` (`utilisateur_id`) ON DELETE CASCADE ON UPDATE CASCADE,
  ADD CONSTRAINT `voeux_ibfk_122` FOREIGN KEY (`utilisateur_id`) REFERENCES `enseignants` (`utilisateur_id`) ON DELETE CASCADE ON UPDATE CASCADE,
  ADD CONSTRAINT `voeux_ibfk_123` FOREIGN KEY (`utilisateur_id`) REFERENCES `enseignants` (`utilisateur_id`) ON DELETE CASCADE ON UPDATE CASCADE,
  ADD CONSTRAINT `voeux_ibfk_124` FOREIGN KEY (`utilisateur_id`) REFERENCES `enseignants` (`utilisateur_id`) ON DELETE CASCADE ON UPDATE CASCADE,
  ADD CONSTRAINT `voeux_ibfk_125` FOREIGN KEY (`utilisateur_id`) REFERENCES `enseignants` (`utilisateur_id`) ON DELETE CASCADE ON UPDATE CASCADE,
  ADD CONSTRAINT `voeux_ibfk_126` FOREIGN KEY (`utilisateur_id`) REFERENCES `enseignants` (`utilisateur_id`) ON DELETE CASCADE ON UPDATE CASCADE,
  ADD CONSTRAINT `voeux_ibfk_127` FOREIGN KEY (`utilisateur_id`) REFERENCES `enseignants` (`utilisateur_id`) ON DELETE CASCADE ON UPDATE CASCADE,
  ADD CONSTRAINT `voeux_ibfk_128` FOREIGN KEY (`utilisateur_id`) REFERENCES `enseignants` (`utilisateur_id`) ON DELETE CASCADE ON UPDATE CASCADE,
  ADD CONSTRAINT `voeux_ibfk_129` FOREIGN KEY (`utilisateur_id`) REFERENCES `enseignants` (`utilisateur_id`) ON DELETE CASCADE ON UPDATE CASCADE,
  ADD CONSTRAINT `voeux_ibfk_13` FOREIGN KEY (`utilisateur_id`) REFERENCES `enseignants` (`utilisateur_id`) ON DELETE CASCADE ON UPDATE CASCADE,
  ADD CONSTRAINT `voeux_ibfk_130` FOREIGN KEY (`utilisateur_id`) REFERENCES `enseignants` (`utilisateur_id`) ON DELETE CASCADE ON UPDATE CASCADE,
  ADD CONSTRAINT `voeux_ibfk_131` FOREIGN KEY (`utilisateur_id`) REFERENCES `enseignants` (`utilisateur_id`) ON DELETE CASCADE ON UPDATE CASCADE,
  ADD CONSTRAINT `voeux_ibfk_132` FOREIGN KEY (`utilisateur_id`) REFERENCES `enseignants` (`utilisateur_id`) ON DELETE CASCADE ON UPDATE CASCADE,
  ADD CONSTRAINT `voeux_ibfk_133` FOREIGN KEY (`utilisateur_id`) REFERENCES `enseignants` (`utilisateur_id`) ON DELETE CASCADE ON UPDATE CASCADE,
  ADD CONSTRAINT `voeux_ibfk_134` FOREIGN KEY (`utilisateur_id`) REFERENCES `enseignants` (`utilisateur_id`) ON DELETE CASCADE ON UPDATE CASCADE,
  ADD CONSTRAINT `voeux_ibfk_135` FOREIGN KEY (`utilisateur_id`) REFERENCES `enseignants` (`utilisateur_id`) ON DELETE CASCADE ON UPDATE CASCADE,
  ADD CONSTRAINT `voeux_ibfk_136` FOREIGN KEY (`utilisateur_id`) REFERENCES `enseignants` (`utilisateur_id`) ON DELETE CASCADE ON UPDATE CASCADE,
  ADD CONSTRAINT `voeux_ibfk_137` FOREIGN KEY (`utilisateur_id`) REFERENCES `enseignants` (`utilisateur_id`) ON DELETE CASCADE ON UPDATE CASCADE,
  ADD CONSTRAINT `voeux_ibfk_138` FOREIGN KEY (`utilisateur_id`) REFERENCES `enseignants` (`utilisateur_id`) ON DELETE CASCADE ON UPDATE CASCADE,
  ADD CONSTRAINT `voeux_ibfk_139` FOREIGN KEY (`utilisateur_id`) REFERENCES `enseignants` (`utilisateur_id`) ON DELETE CASCADE ON UPDATE CASCADE,
  ADD CONSTRAINT `voeux_ibfk_14` FOREIGN KEY (`utilisateur_id`) REFERENCES `enseignants` (`utilisateur_id`) ON DELETE CASCADE ON UPDATE CASCADE,
  ADD CONSTRAINT `voeux_ibfk_140` FOREIGN KEY (`utilisateur_id`) REFERENCES `enseignants` (`utilisateur_id`) ON DELETE CASCADE ON UPDATE CASCADE,
  ADD CONSTRAINT `voeux_ibfk_141` FOREIGN KEY (`utilisateur_id`) REFERENCES `enseignants` (`utilisateur_id`) ON DELETE CASCADE ON UPDATE CASCADE,
  ADD CONSTRAINT `voeux_ibfk_142` FOREIGN KEY (`utilisateur_id`) REFERENCES `enseignants` (`utilisateur_id`) ON DELETE CASCADE ON UPDATE CASCADE,
  ADD CONSTRAINT `voeux_ibfk_143` FOREIGN KEY (`utilisateur_id`) REFERENCES `enseignants` (`utilisateur_id`) ON DELETE CASCADE ON UPDATE CASCADE,
  ADD CONSTRAINT `voeux_ibfk_144` FOREIGN KEY (`utilisateur_id`) REFERENCES `enseignants` (`utilisateur_id`) ON DELETE CASCADE ON UPDATE CASCADE,
  ADD CONSTRAINT `voeux_ibfk_145` FOREIGN KEY (`utilisateur_id`) REFERENCES `enseignants` (`utilisateur_id`) ON DELETE CASCADE ON UPDATE CASCADE,
  ADD CONSTRAINT `voeux_ibfk_146` FOREIGN KEY (`utilisateur_id`) REFERENCES `enseignants` (`utilisateur_id`) ON DELETE CASCADE ON UPDATE CASCADE,
  ADD CONSTRAINT `voeux_ibfk_147` FOREIGN KEY (`utilisateur_id`) REFERENCES `enseignants` (`utilisateur_id`) ON DELETE CASCADE ON UPDATE CASCADE,
  ADD CONSTRAINT `voeux_ibfk_148` FOREIGN KEY (`utilisateur_id`) REFERENCES `enseignants` (`utilisateur_id`) ON DELETE CASCADE ON UPDATE CASCADE,
  ADD CONSTRAINT `voeux_ibfk_149` FOREIGN KEY (`utilisateur_id`) REFERENCES `enseignants` (`utilisateur_id`) ON DELETE CASCADE ON UPDATE CASCADE,
  ADD CONSTRAINT `voeux_ibfk_15` FOREIGN KEY (`utilisateur_id`) REFERENCES `enseignants` (`utilisateur_id`) ON DELETE CASCADE ON UPDATE CASCADE,
  ADD CONSTRAINT `voeux_ibfk_150` FOREIGN KEY (`utilisateur_id`) REFERENCES `enseignants` (`utilisateur_id`) ON DELETE CASCADE ON UPDATE CASCADE,
  ADD CONSTRAINT `voeux_ibfk_151` FOREIGN KEY (`utilisateur_id`) REFERENCES `enseignants` (`utilisateur_id`) ON DELETE CASCADE ON UPDATE CASCADE,
  ADD CONSTRAINT `voeux_ibfk_152` FOREIGN KEY (`utilisateur_id`) REFERENCES `enseignants` (`utilisateur_id`) ON DELETE CASCADE ON UPDATE CASCADE,
  ADD CONSTRAINT `voeux_ibfk_153` FOREIGN KEY (`utilisateur_id`) REFERENCES `enseignants` (`utilisateur_id`) ON DELETE CASCADE ON UPDATE CASCADE,
  ADD CONSTRAINT `voeux_ibfk_154` FOREIGN KEY (`utilisateur_id`) REFERENCES `enseignants` (`utilisateur_id`) ON DELETE CASCADE ON UPDATE CASCADE,
  ADD CONSTRAINT `voeux_ibfk_155` FOREIGN KEY (`utilisateur_id`) REFERENCES `enseignants` (`utilisateur_id`) ON DELETE CASCADE ON UPDATE CASCADE,
  ADD CONSTRAINT `voeux_ibfk_156` FOREIGN KEY (`utilisateur_id`) REFERENCES `enseignants` (`utilisateur_id`) ON DELETE CASCADE ON UPDATE CASCADE,
  ADD CONSTRAINT `voeux_ibfk_157` FOREIGN KEY (`utilisateur_id`) REFERENCES `enseignants` (`utilisateur_id`) ON DELETE CASCADE ON UPDATE CASCADE,
  ADD CONSTRAINT `voeux_ibfk_158` FOREIGN KEY (`utilisateur_id`) REFERENCES `enseignants` (`utilisateur_id`) ON DELETE CASCADE ON UPDATE CASCADE,
  ADD CONSTRAINT `voeux_ibfk_159` FOREIGN KEY (`utilisateur_id`) REFERENCES `enseignants` (`utilisateur_id`) ON DELETE CASCADE ON UPDATE CASCADE,
  ADD CONSTRAINT `voeux_ibfk_16` FOREIGN KEY (`utilisateur_id`) REFERENCES `enseignants` (`utilisateur_id`) ON DELETE CASCADE ON UPDATE CASCADE,
  ADD CONSTRAINT `voeux_ibfk_160` FOREIGN KEY (`utilisateur_id`) REFERENCES `enseignants` (`utilisateur_id`) ON DELETE CASCADE ON UPDATE CASCADE,
  ADD CONSTRAINT `voeux_ibfk_161` FOREIGN KEY (`utilisateur_id`) REFERENCES `enseignants` (`utilisateur_id`) ON DELETE CASCADE ON UPDATE CASCADE,
  ADD CONSTRAINT `voeux_ibfk_162` FOREIGN KEY (`utilisateur_id`) REFERENCES `enseignants` (`utilisateur_id`) ON DELETE CASCADE ON UPDATE CASCADE,
  ADD CONSTRAINT `voeux_ibfk_163` FOREIGN KEY (`utilisateur_id`) REFERENCES `enseignants` (`utilisateur_id`) ON DELETE CASCADE ON UPDATE CASCADE,
  ADD CONSTRAINT `voeux_ibfk_164` FOREIGN KEY (`utilisateur_id`) REFERENCES `enseignants` (`utilisateur_id`) ON DELETE CASCADE ON UPDATE CASCADE,
  ADD CONSTRAINT `voeux_ibfk_165` FOREIGN KEY (`utilisateur_id`) REFERENCES `enseignants` (`utilisateur_id`) ON DELETE CASCADE ON UPDATE CASCADE,
  ADD CONSTRAINT `voeux_ibfk_166` FOREIGN KEY (`utilisateur_id`) REFERENCES `enseignants` (`utilisateur_id`) ON DELETE CASCADE ON UPDATE CASCADE,
  ADD CONSTRAINT `voeux_ibfk_167` FOREIGN KEY (`utilisateur_id`) REFERENCES `enseignants` (`utilisateur_id`) ON DELETE CASCADE ON UPDATE CASCADE,
  ADD CONSTRAINT `voeux_ibfk_168` FOREIGN KEY (`utilisateur_id`) REFERENCES `enseignants` (`utilisateur_id`) ON DELETE CASCADE ON UPDATE CASCADE,
  ADD CONSTRAINT `voeux_ibfk_169` FOREIGN KEY (`utilisateur_id`) REFERENCES `enseignants` (`utilisateur_id`) ON DELETE CASCADE ON UPDATE CASCADE,
  ADD CONSTRAINT `voeux_ibfk_17` FOREIGN KEY (`utilisateur_id`) REFERENCES `enseignants` (`utilisateur_id`) ON DELETE CASCADE ON UPDATE CASCADE,
  ADD CONSTRAINT `voeux_ibfk_170` FOREIGN KEY (`utilisateur_id`) REFERENCES `enseignants` (`utilisateur_id`) ON DELETE CASCADE ON UPDATE CASCADE,
  ADD CONSTRAINT `voeux_ibfk_171` FOREIGN KEY (`utilisateur_id`) REFERENCES `enseignants` (`utilisateur_id`) ON DELETE CASCADE ON UPDATE CASCADE,
  ADD CONSTRAINT `voeux_ibfk_172` FOREIGN KEY (`utilisateur_id`) REFERENCES `enseignants` (`utilisateur_id`) ON DELETE CASCADE ON UPDATE CASCADE,
  ADD CONSTRAINT `voeux_ibfk_173` FOREIGN KEY (`utilisateur_id`) REFERENCES `enseignants` (`utilisateur_id`) ON DELETE CASCADE ON UPDATE CASCADE,
  ADD CONSTRAINT `voeux_ibfk_174` FOREIGN KEY (`utilisateur_id`) REFERENCES `enseignants` (`utilisateur_id`) ON DELETE CASCADE ON UPDATE CASCADE,
  ADD CONSTRAINT `voeux_ibfk_175` FOREIGN KEY (`utilisateur_id`) REFERENCES `enseignants` (`utilisateur_id`) ON DELETE CASCADE ON UPDATE CASCADE,
  ADD CONSTRAINT `voeux_ibfk_176` FOREIGN KEY (`utilisateur_id`) REFERENCES `enseignants` (`utilisateur_id`) ON DELETE CASCADE ON UPDATE CASCADE,
  ADD CONSTRAINT `voeux_ibfk_177` FOREIGN KEY (`utilisateur_id`) REFERENCES `enseignants` (`utilisateur_id`) ON DELETE CASCADE ON UPDATE CASCADE,
  ADD CONSTRAINT `voeux_ibfk_178` FOREIGN KEY (`utilisateur_id`) REFERENCES `enseignants` (`utilisateur_id`) ON DELETE CASCADE ON UPDATE CASCADE,
  ADD CONSTRAINT `voeux_ibfk_179` FOREIGN KEY (`utilisateur_id`) REFERENCES `enseignants` (`utilisateur_id`) ON DELETE CASCADE ON UPDATE CASCADE,
  ADD CONSTRAINT `voeux_ibfk_18` FOREIGN KEY (`utilisateur_id`) REFERENCES `enseignants` (`utilisateur_id`) ON DELETE CASCADE ON UPDATE CASCADE,
  ADD CONSTRAINT `voeux_ibfk_180` FOREIGN KEY (`utilisateur_id`) REFERENCES `enseignants` (`utilisateur_id`) ON DELETE CASCADE ON UPDATE CASCADE,
  ADD CONSTRAINT `voeux_ibfk_181` FOREIGN KEY (`utilisateur_id`) REFERENCES `enseignants` (`utilisateur_id`) ON DELETE CASCADE ON UPDATE CASCADE,
  ADD CONSTRAINT `voeux_ibfk_182` FOREIGN KEY (`utilisateur_id`) REFERENCES `enseignants` (`utilisateur_id`) ON DELETE CASCADE ON UPDATE CASCADE,
  ADD CONSTRAINT `voeux_ibfk_183` FOREIGN KEY (`utilisateur_id`) REFERENCES `enseignants` (`utilisateur_id`) ON DELETE CASCADE ON UPDATE CASCADE,
  ADD CONSTRAINT `voeux_ibfk_184` FOREIGN KEY (`utilisateur_id`) REFERENCES `enseignants` (`utilisateur_id`) ON DELETE CASCADE ON UPDATE CASCADE,
  ADD CONSTRAINT `voeux_ibfk_185` FOREIGN KEY (`utilisateur_id`) REFERENCES `enseignants` (`utilisateur_id`) ON DELETE CASCADE ON UPDATE CASCADE,
  ADD CONSTRAINT `voeux_ibfk_186` FOREIGN KEY (`utilisateur_id`) REFERENCES `enseignants` (`utilisateur_id`) ON DELETE CASCADE ON UPDATE CASCADE,
  ADD CONSTRAINT `voeux_ibfk_187` FOREIGN KEY (`utilisateur_id`) REFERENCES `enseignants` (`utilisateur_id`) ON DELETE CASCADE ON UPDATE CASCADE,
  ADD CONSTRAINT `voeux_ibfk_188` FOREIGN KEY (`utilisateur_id`) REFERENCES `enseignants` (`utilisateur_id`) ON DELETE CASCADE ON UPDATE CASCADE,
  ADD CONSTRAINT `voeux_ibfk_189` FOREIGN KEY (`utilisateur_id`) REFERENCES `enseignants` (`utilisateur_id`) ON DELETE CASCADE ON UPDATE CASCADE,
  ADD CONSTRAINT `voeux_ibfk_19` FOREIGN KEY (`utilisateur_id`) REFERENCES `enseignants` (`utilisateur_id`) ON DELETE CASCADE ON UPDATE CASCADE,
  ADD CONSTRAINT `voeux_ibfk_190` FOREIGN KEY (`utilisateur_id`) REFERENCES `enseignants` (`utilisateur_id`) ON DELETE CASCADE ON UPDATE CASCADE,
  ADD CONSTRAINT `voeux_ibfk_191` FOREIGN KEY (`utilisateur_id`) REFERENCES `enseignants` (`utilisateur_id`) ON DELETE CASCADE ON UPDATE CASCADE,
  ADD CONSTRAINT `voeux_ibfk_192` FOREIGN KEY (`utilisateur_id`) REFERENCES `enseignants` (`utilisateur_id`) ON DELETE CASCADE ON UPDATE CASCADE,
  ADD CONSTRAINT `voeux_ibfk_193` FOREIGN KEY (`utilisateur_id`) REFERENCES `enseignants` (`utilisateur_id`) ON DELETE CASCADE ON UPDATE CASCADE,
  ADD CONSTRAINT `voeux_ibfk_194` FOREIGN KEY (`utilisateur_id`) REFERENCES `enseignants` (`utilisateur_id`) ON DELETE CASCADE ON UPDATE CASCADE,
  ADD CONSTRAINT `voeux_ibfk_195` FOREIGN KEY (`utilisateur_id`) REFERENCES `enseignants` (`utilisateur_id`) ON DELETE CASCADE ON UPDATE CASCADE,
  ADD CONSTRAINT `voeux_ibfk_196` FOREIGN KEY (`utilisateur_id`) REFERENCES `enseignants` (`utilisateur_id`) ON DELETE CASCADE ON UPDATE CASCADE,
  ADD CONSTRAINT `voeux_ibfk_197` FOREIGN KEY (`utilisateur_id`) REFERENCES `enseignants` (`utilisateur_id`) ON DELETE CASCADE ON UPDATE CASCADE,
  ADD CONSTRAINT `voeux_ibfk_198` FOREIGN KEY (`utilisateur_id`) REFERENCES `enseignants` (`utilisateur_id`) ON DELETE CASCADE ON UPDATE CASCADE,
  ADD CONSTRAINT `voeux_ibfk_199` FOREIGN KEY (`utilisateur_id`) REFERENCES `enseignants` (`utilisateur_id`) ON DELETE CASCADE ON UPDATE CASCADE,
  ADD CONSTRAINT `voeux_ibfk_2` FOREIGN KEY (`utilisateur_id`) REFERENCES `enseignants` (`utilisateur_id`) ON DELETE CASCADE ON UPDATE CASCADE,
  ADD CONSTRAINT `voeux_ibfk_20` FOREIGN KEY (`utilisateur_id`) REFERENCES `enseignants` (`utilisateur_id`) ON DELETE CASCADE ON UPDATE CASCADE,
  ADD CONSTRAINT `voeux_ibfk_200` FOREIGN KEY (`utilisateur_id`) REFERENCES `enseignants` (`utilisateur_id`) ON DELETE CASCADE ON UPDATE CASCADE,
  ADD CONSTRAINT `voeux_ibfk_201` FOREIGN KEY (`utilisateur_id`) REFERENCES `enseignants` (`utilisateur_id`) ON DELETE CASCADE ON UPDATE CASCADE,
  ADD CONSTRAINT `voeux_ibfk_202` FOREIGN KEY (`utilisateur_id`) REFERENCES `enseignants` (`utilisateur_id`) ON DELETE CASCADE ON UPDATE CASCADE,
  ADD CONSTRAINT `voeux_ibfk_203` FOREIGN KEY (`utilisateur_id`) REFERENCES `enseignants` (`utilisateur_id`) ON DELETE CASCADE ON UPDATE CASCADE,
  ADD CONSTRAINT `voeux_ibfk_204` FOREIGN KEY (`utilisateur_id`) REFERENCES `enseignants` (`utilisateur_id`) ON DELETE CASCADE ON UPDATE CASCADE,
  ADD CONSTRAINT `voeux_ibfk_205` FOREIGN KEY (`utilisateur_id`) REFERENCES `enseignants` (`utilisateur_id`) ON DELETE CASCADE ON UPDATE CASCADE,
  ADD CONSTRAINT `voeux_ibfk_206` FOREIGN KEY (`utilisateur_id`) REFERENCES `enseignants` (`utilisateur_id`) ON DELETE CASCADE ON UPDATE CASCADE,
  ADD CONSTRAINT `voeux_ibfk_207` FOREIGN KEY (`utilisateur_id`) REFERENCES `enseignants` (`utilisateur_id`) ON DELETE CASCADE ON UPDATE CASCADE,
  ADD CONSTRAINT `voeux_ibfk_208` FOREIGN KEY (`utilisateur_id`) REFERENCES `enseignants` (`utilisateur_id`) ON DELETE CASCADE ON UPDATE CASCADE,
  ADD CONSTRAINT `voeux_ibfk_209` FOREIGN KEY (`utilisateur_id`) REFERENCES `enseignants` (`utilisateur_id`) ON DELETE CASCADE ON UPDATE CASCADE,
  ADD CONSTRAINT `voeux_ibfk_21` FOREIGN KEY (`utilisateur_id`) REFERENCES `enseignants` (`utilisateur_id`) ON DELETE CASCADE ON UPDATE CASCADE,
  ADD CONSTRAINT `voeux_ibfk_210` FOREIGN KEY (`utilisateur_id`) REFERENCES `enseignants` (`utilisateur_id`) ON DELETE CASCADE ON UPDATE CASCADE,
  ADD CONSTRAINT `voeux_ibfk_211` FOREIGN KEY (`utilisateur_id`) REFERENCES `enseignants` (`utilisateur_id`) ON DELETE CASCADE ON UPDATE CASCADE,
  ADD CONSTRAINT `voeux_ibfk_212` FOREIGN KEY (`utilisateur_id`) REFERENCES `enseignants` (`utilisateur_id`) ON DELETE CASCADE ON UPDATE CASCADE,
  ADD CONSTRAINT `voeux_ibfk_213` FOREIGN KEY (`utilisateur_id`) REFERENCES `enseignants` (`utilisateur_id`) ON DELETE CASCADE ON UPDATE CASCADE,
  ADD CONSTRAINT `voeux_ibfk_214` FOREIGN KEY (`utilisateur_id`) REFERENCES `enseignants` (`utilisateur_id`) ON DELETE CASCADE ON UPDATE CASCADE,
  ADD CONSTRAINT `voeux_ibfk_215` FOREIGN KEY (`utilisateur_id`) REFERENCES `enseignants` (`utilisateur_id`) ON DELETE CASCADE ON UPDATE CASCADE,
  ADD CONSTRAINT `voeux_ibfk_216` FOREIGN KEY (`utilisateur_id`) REFERENCES `enseignants` (`utilisateur_id`) ON DELETE CASCADE ON UPDATE CASCADE,
  ADD CONSTRAINT `voeux_ibfk_217` FOREIGN KEY (`utilisateur_id`) REFERENCES `enseignants` (`utilisateur_id`) ON DELETE CASCADE ON UPDATE CASCADE,
  ADD CONSTRAINT `voeux_ibfk_218` FOREIGN KEY (`utilisateur_id`) REFERENCES `enseignants` (`utilisateur_id`) ON DELETE CASCADE ON UPDATE CASCADE,
  ADD CONSTRAINT `voeux_ibfk_219` FOREIGN KEY (`utilisateur_id`) REFERENCES `enseignants` (`utilisateur_id`) ON DELETE CASCADE ON UPDATE CASCADE,
  ADD CONSTRAINT `voeux_ibfk_22` FOREIGN KEY (`utilisateur_id`) REFERENCES `enseignants` (`utilisateur_id`) ON DELETE CASCADE ON UPDATE CASCADE,
  ADD CONSTRAINT `voeux_ibfk_220` FOREIGN KEY (`utilisateur_id`) REFERENCES `enseignants` (`utilisateur_id`) ON DELETE CASCADE ON UPDATE CASCADE,
  ADD CONSTRAINT `voeux_ibfk_221` FOREIGN KEY (`utilisateur_id`) REFERENCES `enseignants` (`utilisateur_id`) ON DELETE CASCADE ON UPDATE CASCADE,
  ADD CONSTRAINT `voeux_ibfk_222` FOREIGN KEY (`utilisateur_id`) REFERENCES `enseignants` (`utilisateur_id`) ON DELETE CASCADE ON UPDATE CASCADE,
  ADD CONSTRAINT `voeux_ibfk_223` FOREIGN KEY (`utilisateur_id`) REFERENCES `enseignants` (`utilisateur_id`) ON DELETE CASCADE ON UPDATE CASCADE,
  ADD CONSTRAINT `voeux_ibfk_224` FOREIGN KEY (`utilisateur_id`) REFERENCES `enseignants` (`utilisateur_id`) ON DELETE CASCADE ON UPDATE CASCADE,
  ADD CONSTRAINT `voeux_ibfk_225` FOREIGN KEY (`utilisateur_id`) REFERENCES `enseignants` (`utilisateur_id`) ON DELETE CASCADE ON UPDATE CASCADE,
  ADD CONSTRAINT `voeux_ibfk_226` FOREIGN KEY (`utilisateur_id`) REFERENCES `enseignants` (`utilisateur_id`) ON DELETE CASCADE ON UPDATE CASCADE,
  ADD CONSTRAINT `voeux_ibfk_227` FOREIGN KEY (`utilisateur_id`) REFERENCES `enseignants` (`utilisateur_id`) ON DELETE CASCADE ON UPDATE CASCADE,
  ADD CONSTRAINT `voeux_ibfk_228` FOREIGN KEY (`utilisateur_id`) REFERENCES `enseignants` (`utilisateur_id`) ON DELETE CASCADE ON UPDATE CASCADE,
  ADD CONSTRAINT `voeux_ibfk_229` FOREIGN KEY (`utilisateur_id`) REFERENCES `enseignants` (`utilisateur_id`) ON DELETE CASCADE ON UPDATE CASCADE,
  ADD CONSTRAINT `voeux_ibfk_23` FOREIGN KEY (`utilisateur_id`) REFERENCES `enseignants` (`utilisateur_id`) ON DELETE CASCADE ON UPDATE CASCADE,
  ADD CONSTRAINT `voeux_ibfk_230` FOREIGN KEY (`utilisateur_id`) REFERENCES `enseignants` (`utilisateur_id`) ON DELETE CASCADE ON UPDATE CASCADE,
  ADD CONSTRAINT `voeux_ibfk_231` FOREIGN KEY (`utilisateur_id`) REFERENCES `enseignants` (`utilisateur_id`) ON DELETE CASCADE ON UPDATE CASCADE,
  ADD CONSTRAINT `voeux_ibfk_232` FOREIGN KEY (`utilisateur_id`) REFERENCES `enseignants` (`utilisateur_id`) ON DELETE CASCADE ON UPDATE CASCADE,
  ADD CONSTRAINT `voeux_ibfk_233` FOREIGN KEY (`utilisateur_id`) REFERENCES `enseignants` (`utilisateur_id`) ON DELETE CASCADE ON UPDATE CASCADE,
  ADD CONSTRAINT `voeux_ibfk_234` FOREIGN KEY (`utilisateur_id`) REFERENCES `enseignants` (`utilisateur_id`) ON DELETE CASCADE ON UPDATE CASCADE,
  ADD CONSTRAINT `voeux_ibfk_235` FOREIGN KEY (`utilisateur_id`) REFERENCES `enseignants` (`utilisateur_id`) ON DELETE CASCADE ON UPDATE CASCADE,
  ADD CONSTRAINT `voeux_ibfk_236` FOREIGN KEY (`utilisateur_id`) REFERENCES `enseignants` (`utilisateur_id`) ON DELETE CASCADE ON UPDATE CASCADE,
  ADD CONSTRAINT `voeux_ibfk_237` FOREIGN KEY (`utilisateur_id`) REFERENCES `enseignants` (`utilisateur_id`) ON DELETE CASCADE ON UPDATE CASCADE,
  ADD CONSTRAINT `voeux_ibfk_238` FOREIGN KEY (`utilisateur_id`) REFERENCES `enseignants` (`utilisateur_id`) ON DELETE CASCADE ON UPDATE CASCADE,
  ADD CONSTRAINT `voeux_ibfk_239` FOREIGN KEY (`utilisateur_id`) REFERENCES `enseignants` (`utilisateur_id`) ON DELETE CASCADE ON UPDATE CASCADE,
  ADD CONSTRAINT `voeux_ibfk_24` FOREIGN KEY (`utilisateur_id`) REFERENCES `enseignants` (`utilisateur_id`) ON DELETE CASCADE ON UPDATE CASCADE,
  ADD CONSTRAINT `voeux_ibfk_240` FOREIGN KEY (`utilisateur_id`) REFERENCES `enseignants` (`utilisateur_id`) ON DELETE CASCADE ON UPDATE CASCADE,
  ADD CONSTRAINT `voeux_ibfk_241` FOREIGN KEY (`utilisateur_id`) REFERENCES `enseignants` (`utilisateur_id`) ON DELETE CASCADE ON UPDATE CASCADE,
  ADD CONSTRAINT `voeux_ibfk_242` FOREIGN KEY (`utilisateur_id`) REFERENCES `enseignants` (`utilisateur_id`) ON DELETE CASCADE ON UPDATE CASCADE,
  ADD CONSTRAINT `voeux_ibfk_243` FOREIGN KEY (`utilisateur_id`) REFERENCES `enseignants` (`utilisateur_id`) ON DELETE CASCADE ON UPDATE CASCADE,
  ADD CONSTRAINT `voeux_ibfk_244` FOREIGN KEY (`utilisateur_id`) REFERENCES `enseignants` (`utilisateur_id`) ON DELETE CASCADE ON UPDATE CASCADE,
  ADD CONSTRAINT `voeux_ibfk_245` FOREIGN KEY (`utilisateur_id`) REFERENCES `enseignants` (`utilisateur_id`) ON DELETE CASCADE ON UPDATE CASCADE,
  ADD CONSTRAINT `voeux_ibfk_246` FOREIGN KEY (`utilisateur_id`) REFERENCES `enseignants` (`utilisateur_id`) ON DELETE CASCADE ON UPDATE CASCADE,
  ADD CONSTRAINT `voeux_ibfk_247` FOREIGN KEY (`utilisateur_id`) REFERENCES `enseignants` (`utilisateur_id`) ON DELETE CASCADE ON UPDATE CASCADE,
  ADD CONSTRAINT `voeux_ibfk_248` FOREIGN KEY (`utilisateur_id`) REFERENCES `enseignants` (`utilisateur_id`) ON DELETE CASCADE ON UPDATE CASCADE,
  ADD CONSTRAINT `voeux_ibfk_249` FOREIGN KEY (`utilisateur_id`) REFERENCES `enseignants` (`utilisateur_id`) ON DELETE CASCADE ON UPDATE CASCADE,
  ADD CONSTRAINT `voeux_ibfk_25` FOREIGN KEY (`utilisateur_id`) REFERENCES `enseignants` (`utilisateur_id`) ON DELETE CASCADE ON UPDATE CASCADE,
  ADD CONSTRAINT `voeux_ibfk_250` FOREIGN KEY (`utilisateur_id`) REFERENCES `enseignants` (`utilisateur_id`) ON DELETE CASCADE ON UPDATE CASCADE,
  ADD CONSTRAINT `voeux_ibfk_251` FOREIGN KEY (`utilisateur_id`) REFERENCES `enseignants` (`utilisateur_id`) ON DELETE CASCADE ON UPDATE CASCADE,
  ADD CONSTRAINT `voeux_ibfk_252` FOREIGN KEY (`utilisateur_id`) REFERENCES `enseignants` (`utilisateur_id`) ON DELETE CASCADE ON UPDATE CASCADE,
  ADD CONSTRAINT `voeux_ibfk_253` FOREIGN KEY (`utilisateur_id`) REFERENCES `enseignants` (`utilisateur_id`) ON DELETE CASCADE ON UPDATE CASCADE,
  ADD CONSTRAINT `voeux_ibfk_254` FOREIGN KEY (`utilisateur_id`) REFERENCES `enseignants` (`utilisateur_id`) ON DELETE CASCADE ON UPDATE CASCADE,
  ADD CONSTRAINT `voeux_ibfk_255` FOREIGN KEY (`utilisateur_id`) REFERENCES `enseignants` (`utilisateur_id`) ON DELETE CASCADE ON UPDATE CASCADE,
  ADD CONSTRAINT `voeux_ibfk_256` FOREIGN KEY (`utilisateur_id`) REFERENCES `enseignants` (`utilisateur_id`) ON DELETE CASCADE ON UPDATE CASCADE,
  ADD CONSTRAINT `voeux_ibfk_257` FOREIGN KEY (`utilisateur_id`) REFERENCES `enseignants` (`utilisateur_id`) ON DELETE CASCADE ON UPDATE CASCADE,
  ADD CONSTRAINT `voeux_ibfk_258` FOREIGN KEY (`utilisateur_id`) REFERENCES `enseignants` (`utilisateur_id`) ON DELETE CASCADE ON UPDATE CASCADE,
  ADD CONSTRAINT `voeux_ibfk_259` FOREIGN KEY (`utilisateur_id`) REFERENCES `enseignants` (`utilisateur_id`) ON DELETE CASCADE ON UPDATE CASCADE,
  ADD CONSTRAINT `voeux_ibfk_26` FOREIGN KEY (`utilisateur_id`) REFERENCES `enseignants` (`utilisateur_id`) ON DELETE CASCADE ON UPDATE CASCADE,
  ADD CONSTRAINT `voeux_ibfk_260` FOREIGN KEY (`utilisateur_id`) REFERENCES `enseignants` (`utilisateur_id`) ON DELETE CASCADE ON UPDATE CASCADE,
  ADD CONSTRAINT `voeux_ibfk_261` FOREIGN KEY (`utilisateur_id`) REFERENCES `enseignants` (`utilisateur_id`) ON DELETE CASCADE ON UPDATE CASCADE,
  ADD CONSTRAINT `voeux_ibfk_262` FOREIGN KEY (`utilisateur_id`) REFERENCES `enseignants` (`utilisateur_id`) ON DELETE CASCADE ON UPDATE CASCADE,
  ADD CONSTRAINT `voeux_ibfk_263` FOREIGN KEY (`utilisateur_id`) REFERENCES `enseignants` (`utilisateur_id`) ON DELETE CASCADE ON UPDATE CASCADE,
  ADD CONSTRAINT `voeux_ibfk_264` FOREIGN KEY (`utilisateur_id`) REFERENCES `enseignants` (`utilisateur_id`) ON DELETE CASCADE ON UPDATE CASCADE,
  ADD CONSTRAINT `voeux_ibfk_265` FOREIGN KEY (`utilisateur_id`) REFERENCES `enseignants` (`utilisateur_id`) ON DELETE CASCADE ON UPDATE CASCADE,
  ADD CONSTRAINT `voeux_ibfk_266` FOREIGN KEY (`utilisateur_id`) REFERENCES `enseignants` (`utilisateur_id`) ON DELETE CASCADE ON UPDATE CASCADE,
  ADD CONSTRAINT `voeux_ibfk_267` FOREIGN KEY (`utilisateur_id`) REFERENCES `enseignants` (`utilisateur_id`) ON DELETE CASCADE ON UPDATE CASCADE,
  ADD CONSTRAINT `voeux_ibfk_268` FOREIGN KEY (`utilisateur_id`) REFERENCES `enseignants` (`utilisateur_id`) ON DELETE CASCADE ON UPDATE CASCADE,
  ADD CONSTRAINT `voeux_ibfk_269` FOREIGN KEY (`utilisateur_id`) REFERENCES `enseignants` (`utilisateur_id`) ON DELETE CASCADE ON UPDATE CASCADE,
  ADD CONSTRAINT `voeux_ibfk_27` FOREIGN KEY (`utilisateur_id`) REFERENCES `enseignants` (`utilisateur_id`) ON DELETE CASCADE ON UPDATE CASCADE,
  ADD CONSTRAINT `voeux_ibfk_270` FOREIGN KEY (`utilisateur_id`) REFERENCES `enseignants` (`utilisateur_id`) ON DELETE CASCADE ON UPDATE CASCADE,
  ADD CONSTRAINT `voeux_ibfk_271` FOREIGN KEY (`utilisateur_id`) REFERENCES `enseignants` (`utilisateur_id`) ON DELETE CASCADE ON UPDATE CASCADE,
  ADD CONSTRAINT `voeux_ibfk_272` FOREIGN KEY (`utilisateur_id`) REFERENCES `enseignants` (`utilisateur_id`) ON DELETE CASCADE ON UPDATE CASCADE,
  ADD CONSTRAINT `voeux_ibfk_273` FOREIGN KEY (`utilisateur_id`) REFERENCES `enseignants` (`utilisateur_id`) ON DELETE CASCADE ON UPDATE CASCADE,
  ADD CONSTRAINT `voeux_ibfk_274` FOREIGN KEY (`utilisateur_id`) REFERENCES `enseignants` (`utilisateur_id`) ON DELETE CASCADE ON UPDATE CASCADE,
  ADD CONSTRAINT `voeux_ibfk_275` FOREIGN KEY (`utilisateur_id`) REFERENCES `enseignants` (`utilisateur_id`) ON DELETE CASCADE ON UPDATE CASCADE,
  ADD CONSTRAINT `voeux_ibfk_276` FOREIGN KEY (`utilisateur_id`) REFERENCES `enseignants` (`utilisateur_id`) ON DELETE CASCADE ON UPDATE CASCADE,
  ADD CONSTRAINT `voeux_ibfk_277` FOREIGN KEY (`utilisateur_id`) REFERENCES `enseignants` (`utilisateur_id`) ON DELETE CASCADE ON UPDATE CASCADE,
  ADD CONSTRAINT `voeux_ibfk_278` FOREIGN KEY (`utilisateur_id`) REFERENCES `enseignants` (`utilisateur_id`) ON DELETE CASCADE ON UPDATE CASCADE,
  ADD CONSTRAINT `voeux_ibfk_279` FOREIGN KEY (`utilisateur_id`) REFERENCES `enseignants` (`utilisateur_id`) ON DELETE CASCADE ON UPDATE CASCADE,
  ADD CONSTRAINT `voeux_ibfk_28` FOREIGN KEY (`utilisateur_id`) REFERENCES `enseignants` (`utilisateur_id`) ON DELETE CASCADE ON UPDATE CASCADE,
  ADD CONSTRAINT `voeux_ibfk_280` FOREIGN KEY (`utilisateur_id`) REFERENCES `enseignants` (`utilisateur_id`) ON DELETE CASCADE ON UPDATE CASCADE,
  ADD CONSTRAINT `voeux_ibfk_281` FOREIGN KEY (`utilisateur_id`) REFERENCES `enseignants` (`utilisateur_id`) ON DELETE CASCADE ON UPDATE CASCADE,
  ADD CONSTRAINT `voeux_ibfk_282` FOREIGN KEY (`utilisateur_id`) REFERENCES `enseignants` (`utilisateur_id`) ON DELETE CASCADE ON UPDATE CASCADE,
  ADD CONSTRAINT `voeux_ibfk_283` FOREIGN KEY (`utilisateur_id`) REFERENCES `enseignants` (`utilisateur_id`) ON DELETE CASCADE ON UPDATE CASCADE,
  ADD CONSTRAINT `voeux_ibfk_284` FOREIGN KEY (`utilisateur_id`) REFERENCES `enseignants` (`utilisateur_id`) ON DELETE CASCADE ON UPDATE CASCADE,
  ADD CONSTRAINT `voeux_ibfk_285` FOREIGN KEY (`utilisateur_id`) REFERENCES `enseignants` (`utilisateur_id`) ON DELETE CASCADE ON UPDATE CASCADE,
  ADD CONSTRAINT `voeux_ibfk_286` FOREIGN KEY (`utilisateur_id`) REFERENCES `enseignants` (`utilisateur_id`) ON DELETE CASCADE ON UPDATE CASCADE,
  ADD CONSTRAINT `voeux_ibfk_287` FOREIGN KEY (`utilisateur_id`) REFERENCES `enseignants` (`utilisateur_id`) ON DELETE CASCADE ON UPDATE CASCADE,
  ADD CONSTRAINT `voeux_ibfk_288` FOREIGN KEY (`utilisateur_id`) REFERENCES `enseignants` (`utilisateur_id`) ON DELETE CASCADE ON UPDATE CASCADE,
  ADD CONSTRAINT `voeux_ibfk_289` FOREIGN KEY (`utilisateur_id`) REFERENCES `enseignants` (`utilisateur_id`) ON DELETE CASCADE ON UPDATE CASCADE,
  ADD CONSTRAINT `voeux_ibfk_29` FOREIGN KEY (`utilisateur_id`) REFERENCES `enseignants` (`utilisateur_id`) ON DELETE CASCADE ON UPDATE CASCADE,
  ADD CONSTRAINT `voeux_ibfk_290` FOREIGN KEY (`utilisateur_id`) REFERENCES `enseignants` (`utilisateur_id`) ON DELETE CASCADE ON UPDATE CASCADE,
  ADD CONSTRAINT `voeux_ibfk_291` FOREIGN KEY (`utilisateur_id`) REFERENCES `enseignants` (`utilisateur_id`) ON DELETE CASCADE ON UPDATE CASCADE,
  ADD CONSTRAINT `voeux_ibfk_292` FOREIGN KEY (`utilisateur_id`) REFERENCES `enseignants` (`utilisateur_id`) ON DELETE CASCADE ON UPDATE CASCADE,
  ADD CONSTRAINT `voeux_ibfk_293` FOREIGN KEY (`utilisateur_id`) REFERENCES `enseignants` (`utilisateur_id`) ON DELETE CASCADE ON UPDATE CASCADE,
  ADD CONSTRAINT `voeux_ibfk_294` FOREIGN KEY (`utilisateur_id`) REFERENCES `enseignants` (`utilisateur_id`) ON DELETE CASCADE ON UPDATE CASCADE,
  ADD CONSTRAINT `voeux_ibfk_295` FOREIGN KEY (`utilisateur_id`) REFERENCES `enseignants` (`utilisateur_id`) ON DELETE CASCADE ON UPDATE CASCADE,
  ADD CONSTRAINT `voeux_ibfk_296` FOREIGN KEY (`utilisateur_id`) REFERENCES `enseignants` (`utilisateur_id`) ON DELETE CASCADE ON UPDATE CASCADE,
  ADD CONSTRAINT `voeux_ibfk_297` FOREIGN KEY (`utilisateur_id`) REFERENCES `enseignants` (`utilisateur_id`) ON DELETE CASCADE ON UPDATE CASCADE,
  ADD CONSTRAINT `voeux_ibfk_298` FOREIGN KEY (`utilisateur_id`) REFERENCES `enseignants` (`utilisateur_id`) ON DELETE CASCADE ON UPDATE CASCADE,
  ADD CONSTRAINT `voeux_ibfk_299` FOREIGN KEY (`utilisateur_id`) REFERENCES `enseignants` (`utilisateur_id`) ON DELETE CASCADE ON UPDATE CASCADE,
  ADD CONSTRAINT `voeux_ibfk_3` FOREIGN KEY (`utilisateur_id`) REFERENCES `enseignants` (`utilisateur_id`) ON DELETE CASCADE ON UPDATE CASCADE,
  ADD CONSTRAINT `voeux_ibfk_30` FOREIGN KEY (`utilisateur_id`) REFERENCES `enseignants` (`utilisateur_id`) ON DELETE CASCADE ON UPDATE CASCADE,
  ADD CONSTRAINT `voeux_ibfk_300` FOREIGN KEY (`utilisateur_id`) REFERENCES `enseignants` (`utilisateur_id`) ON DELETE CASCADE ON UPDATE CASCADE,
  ADD CONSTRAINT `voeux_ibfk_301` FOREIGN KEY (`utilisateur_id`) REFERENCES `enseignants` (`utilisateur_id`) ON DELETE CASCADE ON UPDATE CASCADE,
  ADD CONSTRAINT `voeux_ibfk_302` FOREIGN KEY (`utilisateur_id`) REFERENCES `enseignants` (`utilisateur_id`) ON DELETE CASCADE ON UPDATE CASCADE,
  ADD CONSTRAINT `voeux_ibfk_303` FOREIGN KEY (`utilisateur_id`) REFERENCES `enseignants` (`utilisateur_id`) ON DELETE CASCADE ON UPDATE CASCADE,
  ADD CONSTRAINT `voeux_ibfk_304` FOREIGN KEY (`utilisateur_id`) REFERENCES `enseignants` (`utilisateur_id`) ON DELETE CASCADE ON UPDATE CASCADE,
  ADD CONSTRAINT `voeux_ibfk_305` FOREIGN KEY (`utilisateur_id`) REFERENCES `enseignants` (`utilisateur_id`) ON DELETE CASCADE ON UPDATE CASCADE,
  ADD CONSTRAINT `voeux_ibfk_306` FOREIGN KEY (`utilisateur_id`) REFERENCES `enseignants` (`utilisateur_id`) ON DELETE CASCADE ON UPDATE CASCADE,
  ADD CONSTRAINT `voeux_ibfk_307` FOREIGN KEY (`utilisateur_id`) REFERENCES `enseignants` (`utilisateur_id`) ON DELETE CASCADE ON UPDATE CASCADE,
  ADD CONSTRAINT `voeux_ibfk_308` FOREIGN KEY (`utilisateur_id`) REFERENCES `enseignants` (`utilisateur_id`) ON DELETE CASCADE ON UPDATE CASCADE,
  ADD CONSTRAINT `voeux_ibfk_309` FOREIGN KEY (`utilisateur_id`) REFERENCES `enseignants` (`utilisateur_id`) ON DELETE CASCADE ON UPDATE CASCADE,
  ADD CONSTRAINT `voeux_ibfk_31` FOREIGN KEY (`utilisateur_id`) REFERENCES `enseignants` (`utilisateur_id`) ON DELETE CASCADE ON UPDATE CASCADE,
  ADD CONSTRAINT `voeux_ibfk_310` FOREIGN KEY (`utilisateur_id`) REFERENCES `enseignants` (`utilisateur_id`) ON DELETE CASCADE ON UPDATE CASCADE,
  ADD CONSTRAINT `voeux_ibfk_311` FOREIGN KEY (`utilisateur_id`) REFERENCES `enseignants` (`utilisateur_id`) ON DELETE CASCADE ON UPDATE CASCADE,
  ADD CONSTRAINT `voeux_ibfk_312` FOREIGN KEY (`utilisateur_id`) REFERENCES `enseignants` (`utilisateur_id`) ON DELETE CASCADE ON UPDATE CASCADE,
  ADD CONSTRAINT `voeux_ibfk_313` FOREIGN KEY (`utilisateur_id`) REFERENCES `enseignants` (`utilisateur_id`) ON DELETE CASCADE ON UPDATE CASCADE,
  ADD CONSTRAINT `voeux_ibfk_314` FOREIGN KEY (`utilisateur_id`) REFERENCES `enseignants` (`utilisateur_id`) ON DELETE CASCADE ON UPDATE CASCADE,
  ADD CONSTRAINT `voeux_ibfk_315` FOREIGN KEY (`utilisateur_id`) REFERENCES `enseignants` (`utilisateur_id`) ON DELETE CASCADE ON UPDATE CASCADE,
  ADD CONSTRAINT `voeux_ibfk_316` FOREIGN KEY (`utilisateur_id`) REFERENCES `enseignants` (`utilisateur_id`) ON DELETE CASCADE ON UPDATE CASCADE,
  ADD CONSTRAINT `voeux_ibfk_317` FOREIGN KEY (`utilisateur_id`) REFERENCES `enseignants` (`utilisateur_id`) ON DELETE CASCADE ON UPDATE CASCADE,
  ADD CONSTRAINT `voeux_ibfk_318` FOREIGN KEY (`utilisateur_id`) REFERENCES `enseignants` (`utilisateur_id`) ON DELETE CASCADE ON UPDATE CASCADE,
  ADD CONSTRAINT `voeux_ibfk_319` FOREIGN KEY (`utilisateur_id`) REFERENCES `enseignants` (`utilisateur_id`) ON DELETE CASCADE ON UPDATE CASCADE,
  ADD CONSTRAINT `voeux_ibfk_32` FOREIGN KEY (`utilisateur_id`) REFERENCES `enseignants` (`utilisateur_id`) ON DELETE CASCADE ON UPDATE CASCADE,
  ADD CONSTRAINT `voeux_ibfk_320` FOREIGN KEY (`utilisateur_id`) REFERENCES `enseignants` (`utilisateur_id`) ON DELETE CASCADE ON UPDATE CASCADE,
  ADD CONSTRAINT `voeux_ibfk_321` FOREIGN KEY (`utilisateur_id`) REFERENCES `enseignants` (`utilisateur_id`) ON DELETE CASCADE ON UPDATE CASCADE,
  ADD CONSTRAINT `voeux_ibfk_322` FOREIGN KEY (`utilisateur_id`) REFERENCES `enseignants` (`utilisateur_id`) ON DELETE CASCADE ON UPDATE CASCADE,
  ADD CONSTRAINT `voeux_ibfk_323` FOREIGN KEY (`utilisateur_id`) REFERENCES `enseignants` (`utilisateur_id`) ON DELETE CASCADE ON UPDATE CASCADE,
  ADD CONSTRAINT `voeux_ibfk_324` FOREIGN KEY (`utilisateur_id`) REFERENCES `enseignants` (`utilisateur_id`) ON DELETE CASCADE ON UPDATE CASCADE,
  ADD CONSTRAINT `voeux_ibfk_325` FOREIGN KEY (`utilisateur_id`) REFERENCES `enseignants` (`utilisateur_id`) ON DELETE CASCADE ON UPDATE CASCADE,
  ADD CONSTRAINT `voeux_ibfk_326` FOREIGN KEY (`utilisateur_id`) REFERENCES `enseignants` (`utilisateur_id`) ON DELETE CASCADE ON UPDATE CASCADE,
  ADD CONSTRAINT `voeux_ibfk_327` FOREIGN KEY (`utilisateur_id`) REFERENCES `enseignants` (`utilisateur_id`) ON DELETE CASCADE ON UPDATE CASCADE,
  ADD CONSTRAINT `voeux_ibfk_328` FOREIGN KEY (`utilisateur_id`) REFERENCES `enseignants` (`utilisateur_id`) ON DELETE CASCADE ON UPDATE CASCADE,
  ADD CONSTRAINT `voeux_ibfk_329` FOREIGN KEY (`utilisateur_id`) REFERENCES `enseignants` (`utilisateur_id`) ON DELETE CASCADE ON UPDATE CASCADE,
  ADD CONSTRAINT `voeux_ibfk_33` FOREIGN KEY (`utilisateur_id`) REFERENCES `enseignants` (`utilisateur_id`) ON DELETE CASCADE ON UPDATE CASCADE,
  ADD CONSTRAINT `voeux_ibfk_330` FOREIGN KEY (`utilisateur_id`) REFERENCES `enseignants` (`utilisateur_id`) ON DELETE CASCADE ON UPDATE CASCADE,
  ADD CONSTRAINT `voeux_ibfk_331` FOREIGN KEY (`utilisateur_id`) REFERENCES `enseignants` (`utilisateur_id`) ON DELETE CASCADE ON UPDATE CASCADE,
  ADD CONSTRAINT `voeux_ibfk_34` FOREIGN KEY (`utilisateur_id`) REFERENCES `enseignants` (`utilisateur_id`) ON DELETE CASCADE ON UPDATE CASCADE,
  ADD CONSTRAINT `voeux_ibfk_35` FOREIGN KEY (`utilisateur_id`) REFERENCES `enseignants` (`utilisateur_id`) ON DELETE CASCADE ON UPDATE CASCADE,
  ADD CONSTRAINT `voeux_ibfk_36` FOREIGN KEY (`utilisateur_id`) REFERENCES `enseignants` (`utilisateur_id`) ON DELETE CASCADE ON UPDATE CASCADE,
  ADD CONSTRAINT `voeux_ibfk_37` FOREIGN KEY (`utilisateur_id`) REFERENCES `enseignants` (`utilisateur_id`) ON DELETE CASCADE ON UPDATE CASCADE,
  ADD CONSTRAINT `voeux_ibfk_38` FOREIGN KEY (`utilisateur_id`) REFERENCES `enseignants` (`utilisateur_id`) ON DELETE CASCADE ON UPDATE CASCADE,
  ADD CONSTRAINT `voeux_ibfk_39` FOREIGN KEY (`utilisateur_id`) REFERENCES `enseignants` (`utilisateur_id`) ON DELETE CASCADE ON UPDATE CASCADE,
  ADD CONSTRAINT `voeux_ibfk_4` FOREIGN KEY (`utilisateur_id`) REFERENCES `enseignants` (`utilisateur_id`) ON DELETE CASCADE ON UPDATE CASCADE,
  ADD CONSTRAINT `voeux_ibfk_40` FOREIGN KEY (`utilisateur_id`) REFERENCES `enseignants` (`utilisateur_id`) ON DELETE CASCADE ON UPDATE CASCADE,
  ADD CONSTRAINT `voeux_ibfk_41` FOREIGN KEY (`utilisateur_id`) REFERENCES `enseignants` (`utilisateur_id`) ON DELETE CASCADE ON UPDATE CASCADE,
  ADD CONSTRAINT `voeux_ibfk_42` FOREIGN KEY (`utilisateur_id`) REFERENCES `enseignants` (`utilisateur_id`) ON DELETE CASCADE ON UPDATE CASCADE,
  ADD CONSTRAINT `voeux_ibfk_43` FOREIGN KEY (`utilisateur_id`) REFERENCES `enseignants` (`utilisateur_id`) ON DELETE CASCADE ON UPDATE CASCADE,
  ADD CONSTRAINT `voeux_ibfk_44` FOREIGN KEY (`utilisateur_id`) REFERENCES `enseignants` (`utilisateur_id`) ON DELETE CASCADE ON UPDATE CASCADE,
  ADD CONSTRAINT `voeux_ibfk_45` FOREIGN KEY (`utilisateur_id`) REFERENCES `enseignants` (`utilisateur_id`) ON DELETE CASCADE ON UPDATE CASCADE,
  ADD CONSTRAINT `voeux_ibfk_46` FOREIGN KEY (`utilisateur_id`) REFERENCES `enseignants` (`utilisateur_id`) ON DELETE CASCADE ON UPDATE CASCADE,
  ADD CONSTRAINT `voeux_ibfk_47` FOREIGN KEY (`utilisateur_id`) REFERENCES `enseignants` (`utilisateur_id`) ON DELETE CASCADE ON UPDATE CASCADE,
  ADD CONSTRAINT `voeux_ibfk_48` FOREIGN KEY (`utilisateur_id`) REFERENCES `enseignants` (`utilisateur_id`) ON DELETE CASCADE ON UPDATE CASCADE,
  ADD CONSTRAINT `voeux_ibfk_49` FOREIGN KEY (`utilisateur_id`) REFERENCES `enseignants` (`utilisateur_id`) ON DELETE CASCADE ON UPDATE CASCADE,
  ADD CONSTRAINT `voeux_ibfk_5` FOREIGN KEY (`utilisateur_id`) REFERENCES `enseignants` (`utilisateur_id`) ON DELETE CASCADE ON UPDATE CASCADE,
  ADD CONSTRAINT `voeux_ibfk_50` FOREIGN KEY (`utilisateur_id`) REFERENCES `enseignants` (`utilisateur_id`) ON DELETE CASCADE ON UPDATE CASCADE,
  ADD CONSTRAINT `voeux_ibfk_51` FOREIGN KEY (`utilisateur_id`) REFERENCES `enseignants` (`utilisateur_id`) ON DELETE CASCADE ON UPDATE CASCADE,
  ADD CONSTRAINT `voeux_ibfk_52` FOREIGN KEY (`utilisateur_id`) REFERENCES `enseignants` (`utilisateur_id`) ON DELETE CASCADE ON UPDATE CASCADE,
  ADD CONSTRAINT `voeux_ibfk_53` FOREIGN KEY (`utilisateur_id`) REFERENCES `enseignants` (`utilisateur_id`) ON DELETE CASCADE ON UPDATE CASCADE,
  ADD CONSTRAINT `voeux_ibfk_54` FOREIGN KEY (`utilisateur_id`) REFERENCES `enseignants` (`utilisateur_id`) ON DELETE CASCADE ON UPDATE CASCADE,
  ADD CONSTRAINT `voeux_ibfk_55` FOREIGN KEY (`utilisateur_id`) REFERENCES `enseignants` (`utilisateur_id`) ON DELETE CASCADE ON UPDATE CASCADE,
  ADD CONSTRAINT `voeux_ibfk_56` FOREIGN KEY (`utilisateur_id`) REFERENCES `enseignants` (`utilisateur_id`) ON DELETE CASCADE ON UPDATE CASCADE,
  ADD CONSTRAINT `voeux_ibfk_57` FOREIGN KEY (`utilisateur_id`) REFERENCES `enseignants` (`utilisateur_id`) ON DELETE CASCADE ON UPDATE CASCADE,
  ADD CONSTRAINT `voeux_ibfk_58` FOREIGN KEY (`utilisateur_id`) REFERENCES `enseignants` (`utilisateur_id`) ON DELETE CASCADE ON UPDATE CASCADE,
  ADD CONSTRAINT `voeux_ibfk_59` FOREIGN KEY (`utilisateur_id`) REFERENCES `enseignants` (`utilisateur_id`) ON DELETE CASCADE ON UPDATE CASCADE,
  ADD CONSTRAINT `voeux_ibfk_6` FOREIGN KEY (`utilisateur_id`) REFERENCES `enseignants` (`utilisateur_id`) ON DELETE CASCADE ON UPDATE CASCADE,
  ADD CONSTRAINT `voeux_ibfk_60` FOREIGN KEY (`utilisateur_id`) REFERENCES `enseignants` (`utilisateur_id`) ON DELETE CASCADE ON UPDATE CASCADE,
  ADD CONSTRAINT `voeux_ibfk_61` FOREIGN KEY (`utilisateur_id`) REFERENCES `enseignants` (`utilisateur_id`) ON DELETE CASCADE ON UPDATE CASCADE,
  ADD CONSTRAINT `voeux_ibfk_62` FOREIGN KEY (`utilisateur_id`) REFERENCES `enseignants` (`utilisateur_id`) ON DELETE CASCADE ON UPDATE CASCADE,
  ADD CONSTRAINT `voeux_ibfk_63` FOREIGN KEY (`utilisateur_id`) REFERENCES `enseignants` (`utilisateur_id`) ON DELETE CASCADE ON UPDATE CASCADE,
  ADD CONSTRAINT `voeux_ibfk_64` FOREIGN KEY (`utilisateur_id`) REFERENCES `enseignants` (`utilisateur_id`) ON DELETE CASCADE ON UPDATE CASCADE,
  ADD CONSTRAINT `voeux_ibfk_65` FOREIGN KEY (`utilisateur_id`) REFERENCES `enseignants` (`utilisateur_id`) ON DELETE CASCADE ON UPDATE CASCADE,
  ADD CONSTRAINT `voeux_ibfk_66` FOREIGN KEY (`utilisateur_id`) REFERENCES `enseignants` (`utilisateur_id`) ON DELETE CASCADE ON UPDATE CASCADE,
  ADD CONSTRAINT `voeux_ibfk_67` FOREIGN KEY (`utilisateur_id`) REFERENCES `enseignants` (`utilisateur_id`) ON DELETE CASCADE ON UPDATE CASCADE,
  ADD CONSTRAINT `voeux_ibfk_68` FOREIGN KEY (`utilisateur_id`) REFERENCES `enseignants` (`utilisateur_id`) ON DELETE CASCADE ON UPDATE CASCADE,
  ADD CONSTRAINT `voeux_ibfk_69` FOREIGN KEY (`utilisateur_id`) REFERENCES `enseignants` (`utilisateur_id`) ON DELETE CASCADE ON UPDATE CASCADE,
  ADD CONSTRAINT `voeux_ibfk_7` FOREIGN KEY (`utilisateur_id`) REFERENCES `enseignants` (`utilisateur_id`) ON DELETE CASCADE ON UPDATE CASCADE,
  ADD CONSTRAINT `voeux_ibfk_70` FOREIGN KEY (`utilisateur_id`) REFERENCES `enseignants` (`utilisateur_id`) ON DELETE CASCADE ON UPDATE CASCADE,
  ADD CONSTRAINT `voeux_ibfk_71` FOREIGN KEY (`utilisateur_id`) REFERENCES `enseignants` (`utilisateur_id`) ON DELETE CASCADE ON UPDATE CASCADE,
  ADD CONSTRAINT `voeux_ibfk_72` FOREIGN KEY (`utilisateur_id`) REFERENCES `enseignants` (`utilisateur_id`) ON DELETE CASCADE ON UPDATE CASCADE,
  ADD CONSTRAINT `voeux_ibfk_73` FOREIGN KEY (`utilisateur_id`) REFERENCES `enseignants` (`utilisateur_id`) ON DELETE CASCADE ON UPDATE CASCADE,
  ADD CONSTRAINT `voeux_ibfk_74` FOREIGN KEY (`utilisateur_id`) REFERENCES `enseignants` (`utilisateur_id`) ON DELETE CASCADE ON UPDATE CASCADE,
  ADD CONSTRAINT `voeux_ibfk_75` FOREIGN KEY (`utilisateur_id`) REFERENCES `enseignants` (`utilisateur_id`) ON DELETE CASCADE ON UPDATE CASCADE,
  ADD CONSTRAINT `voeux_ibfk_76` FOREIGN KEY (`utilisateur_id`) REFERENCES `enseignants` (`utilisateur_id`) ON DELETE CASCADE ON UPDATE CASCADE,
  ADD CONSTRAINT `voeux_ibfk_77` FOREIGN KEY (`utilisateur_id`) REFERENCES `enseignants` (`utilisateur_id`) ON DELETE CASCADE ON UPDATE CASCADE,
  ADD CONSTRAINT `voeux_ibfk_78` FOREIGN KEY (`utilisateur_id`) REFERENCES `enseignants` (`utilisateur_id`) ON DELETE CASCADE ON UPDATE CASCADE,
  ADD CONSTRAINT `voeux_ibfk_79` FOREIGN KEY (`utilisateur_id`) REFERENCES `enseignants` (`utilisateur_id`) ON DELETE CASCADE ON UPDATE CASCADE,
  ADD CONSTRAINT `voeux_ibfk_8` FOREIGN KEY (`utilisateur_id`) REFERENCES `enseignants` (`utilisateur_id`) ON DELETE CASCADE ON UPDATE CASCADE,
  ADD CONSTRAINT `voeux_ibfk_80` FOREIGN KEY (`utilisateur_id`) REFERENCES `enseignants` (`utilisateur_id`) ON DELETE CASCADE ON UPDATE CASCADE,
  ADD CONSTRAINT `voeux_ibfk_81` FOREIGN KEY (`utilisateur_id`) REFERENCES `enseignants` (`utilisateur_id`) ON DELETE CASCADE ON UPDATE CASCADE,
  ADD CONSTRAINT `voeux_ibfk_82` FOREIGN KEY (`utilisateur_id`) REFERENCES `enseignants` (`utilisateur_id`) ON DELETE CASCADE ON UPDATE CASCADE,
  ADD CONSTRAINT `voeux_ibfk_83` FOREIGN KEY (`utilisateur_id`) REFERENCES `enseignants` (`utilisateur_id`) ON DELETE CASCADE ON UPDATE CASCADE,
  ADD CONSTRAINT `voeux_ibfk_84` FOREIGN KEY (`utilisateur_id`) REFERENCES `enseignants` (`utilisateur_id`) ON DELETE CASCADE ON UPDATE CASCADE,
  ADD CONSTRAINT `voeux_ibfk_85` FOREIGN KEY (`utilisateur_id`) REFERENCES `enseignants` (`utilisateur_id`) ON DELETE CASCADE ON UPDATE CASCADE,
  ADD CONSTRAINT `voeux_ibfk_86` FOREIGN KEY (`utilisateur_id`) REFERENCES `enseignants` (`utilisateur_id`) ON DELETE CASCADE ON UPDATE CASCADE,
  ADD CONSTRAINT `voeux_ibfk_87` FOREIGN KEY (`utilisateur_id`) REFERENCES `enseignants` (`utilisateur_id`) ON DELETE CASCADE ON UPDATE CASCADE,
  ADD CONSTRAINT `voeux_ibfk_88` FOREIGN KEY (`utilisateur_id`) REFERENCES `enseignants` (`utilisateur_id`) ON DELETE CASCADE ON UPDATE CASCADE,
  ADD CONSTRAINT `voeux_ibfk_89` FOREIGN KEY (`utilisateur_id`) REFERENCES `enseignants` (`utilisateur_id`) ON DELETE CASCADE ON UPDATE CASCADE,
  ADD CONSTRAINT `voeux_ibfk_9` FOREIGN KEY (`utilisateur_id`) REFERENCES `enseignants` (`utilisateur_id`) ON DELETE CASCADE ON UPDATE CASCADE,
  ADD CONSTRAINT `voeux_ibfk_90` FOREIGN KEY (`utilisateur_id`) REFERENCES `enseignants` (`utilisateur_id`) ON DELETE CASCADE ON UPDATE CASCADE,
  ADD CONSTRAINT `voeux_ibfk_91` FOREIGN KEY (`utilisateur_id`) REFERENCES `enseignants` (`utilisateur_id`) ON DELETE CASCADE ON UPDATE CASCADE,
  ADD CONSTRAINT `voeux_ibfk_92` FOREIGN KEY (`utilisateur_id`) REFERENCES `enseignants` (`utilisateur_id`) ON DELETE CASCADE ON UPDATE CASCADE,
  ADD CONSTRAINT `voeux_ibfk_93` FOREIGN KEY (`utilisateur_id`) REFERENCES `enseignants` (`utilisateur_id`) ON DELETE CASCADE ON UPDATE CASCADE,
  ADD CONSTRAINT `voeux_ibfk_94` FOREIGN KEY (`utilisateur_id`) REFERENCES `enseignants` (`utilisateur_id`) ON DELETE CASCADE ON UPDATE CASCADE,
  ADD CONSTRAINT `voeux_ibfk_95` FOREIGN KEY (`utilisateur_id`) REFERENCES `enseignants` (`utilisateur_id`) ON DELETE CASCADE ON UPDATE CASCADE,
  ADD CONSTRAINT `voeux_ibfk_96` FOREIGN KEY (`utilisateur_id`) REFERENCES `enseignants` (`utilisateur_id`) ON DELETE CASCADE ON UPDATE CASCADE,
  ADD CONSTRAINT `voeux_ibfk_97` FOREIGN KEY (`utilisateur_id`) REFERENCES `enseignants` (`utilisateur_id`) ON DELETE CASCADE ON UPDATE CASCADE,
  ADD CONSTRAINT `voeux_ibfk_98` FOREIGN KEY (`utilisateur_id`) REFERENCES `enseignants` (`utilisateur_id`) ON DELETE CASCADE ON UPDATE CASCADE,
  ADD CONSTRAINT `voeux_ibfk_99` FOREIGN KEY (`utilisateur_id`) REFERENCES `enseignants` (`utilisateur_id`) ON DELETE CASCADE ON UPDATE CASCADE;
COMMIT;

/*!40101 SET CHARACTER_SET_CLIENT=@OLD_CHARACTER_SET_CLIENT */;
/*!40101 SET CHARACTER_SET_RESULTS=@OLD_CHARACTER_SET_RESULTS */;
/*!40101 SET COLLATION_CONNECTION=@OLD_COLLATION_CONNECTION */;
